class,data-cn,data-position,data-en,data-sex,data-tag,data-race,data-rarity,data-class,data-approach,data-camp,data-team,data-des,data-feature,data-str,data-flex,data-tolerance,data-plan,data-skill,data-adapt,data-moredes,data-icon,data-half,data-ori-hp,data-ori-atk,data-ori-def,data-ori-res,data-ori-dt,data-ori-dc,data-ori-block,data-ori-cd,data-index,data-sort_id,data-jp,data-birthplace
['smwdata'],12F,远程位,12F,男,新手,萨弗拉,1,术师,公开招募,罗德岛,无团队,罗德岛术师干员12F，将用源石技艺为小队提供战术援助。,"攻击造成<span style=""color:#00B0FF;"">群体法术伤害</span>",普通,优良,普通,普通,普通,标准,至少能帮上些忙。,//prts.wiki/images/b/b7/%E5%A4%B4%E5%83%8F_12F.png,//prts.wiki/images/thumb/1/1e/%E5%8D%8A%E8%BA%AB%E5%83%8F_12F_1.png/110px-%E5%8D%8A%E8%BA%AB%E5%83%8F_12F_1.png,1378,280,31,10,70s,24,1,2.9s,R303,7,12F,不明
['smwdata'],Castle-3,近战位,Castle-3,男,支援 支援机械,,0,近卫,公开招募,罗德岛,无团队,罗德岛近卫机器人Castle-3，被工程师可露希尔派遣来执行战地作战任务。,"能够阻挡一个敌人，且不受<span style=""color:#00B0FF;"">部署数量</span>限制，但再部署时间极长",,,,,,,他知道自己是一台机器人。,//prts.wiki/images/8/82/%E5%A4%B4%E5%83%8F_Castle-3.png,//prts.wiki/images/thumb/d/d5/%E5%8D%8A%E8%BA%AB%E5%83%8F_Castle-3_1.png/110px-%E5%8D%8A%E8%BA%AB%E5%83%8F_Castle-3_1.png,862,221,63,0,200s,3,1,1.5s,RCX3,2,Castle-3,
['smwdata'],Lancet-2,远程位,Lancet-2,女,治疗 支援机械,,0,医疗,公开招募,罗德岛,无团队,罗德岛医疗机器人Lancet-2，被工程师可露希尔派遣来执行战地医疗任务。,"恢复友方单位生命，且不受<span style=""color:#00B0FF;"">部署数量</span>限制，但再部署时间极长",,,,,,,她知道自己是一台机器人。,//prts.wiki/images/b/b6/%E5%A4%B4%E5%83%8F_Lancet-2.png,//prts.wiki/images/thumb/3/34/%E5%8D%8A%E8%BA%AB%E5%83%8F_Lancet-2_1.png/110px-%E5%8D%8A%E8%BA%AB%E5%83%8F_Lancet-2_1.png,261,42,16,0,200s,3,1,2.85s,RCX2,1,Lancet-2,
['smwdata'],THRM-EX,近战位,Thermal-EX,男,爆发 支援机械,,0,特种,公开招募,罗德岛,无团队,罗德岛特种机器人Thermal-EX（亦作THRM-EX），被工程师可露希尔派来执行战地作战任务。,"不进行攻击，且不受<span style=""color:#00B0FF;"">部署数量</span>限制，但再部署时间极长",,,,,,,他知道自己是一台机器人。,//prts.wiki/images/d/d8/%E5%A4%B4%E5%83%8F_THRM-EX.png,//prts.wiki/images/thumb/e/e0/%E5%8D%8A%E8%BA%AB%E5%83%8F_THRM-EX_1.png/110px-%E5%8D%8A%E8%BA%AB%E5%83%8F_THRM-EX_1.png,1154,208,354,50,200s,3,0,0.93s,RCX4,134,,
['smwdata'],W,远程位,W,女,输出 控场,萨卡兹,5,狙击,限定寻访,巴别塔,无团队,萨卡兹雇佣兵W，战场上最危险的信号。,"攻击造成<span style=""color:#00B0FF;"">群体物理伤害</span>",标准,标准,优良,卓越,优良,标准,她笑起来的时候总没好事。她一直在笑。,//prts.wiki/images/d/d6/%E5%A4%B4%E5%83%8F_W.png,//prts.wiki/images/thumb/4/45/%E5%8D%8A%E8%BA%AB%E5%83%8F_W_1.png/110px-%E5%8D%8A%E8%BA%AB%E5%83%8F_W_1.png,821,397,68,0,70s,25→27→29,1,2.8s,B214,137,,卡兹戴尔
['smwdata'],临光,近战位,Nearl,女,防护 治疗,库兰塔,4,重装,公开招募 标准寻访,罗德岛,使徒,前卡西米尔骑士临光，将是防御与治疗并重的战场核心。,技能可以治疗友方单位,优良,优良,优良,优良,优良,优良,有她在身边，总是很安心。,//prts.wiki/images/1/1a/%E5%A4%B4%E5%83%8F_%E4%B8%B4%E5%85%89.png,//prts.wiki/images/thumb/5/5c/%E5%8D%8A%E8%BA%AB%E5%83%8F_%E4%B8%B4%E5%85%89_1.png/110px-%E5%8D%8A%E8%BA%AB%E5%83%8F_%E4%B8%B4%E5%85%89_1.png,1154,191,240,10,70s,17→19→21,2→3→3,1.2s,FO02,60,ニアール,卡西米尔
['smwdata'],亚叶,远程位,Folinic,女,治疗 输出,菲林,4,医疗,活动获得,罗德岛,无团队,医疗组干员亚叶，正式参与战地医疗任务。,恢复友方单位生命,普通,标准,标准,标准,标准,优良,所有携带药剂皆可依照剂量达到两种以上效果。,//prts.wiki/images/b/b5/%E5%A4%B4%E5%83%8F_%E4%BA%9A%E5%8F%B6.png,//prts.wiki/images/thumb/c/c5/%E5%8D%8A%E8%BA%AB%E5%83%8F_%E4%BA%9A%E5%8F%B6_1.png/110px-%E5%8D%8A%E8%BA%AB%E5%83%8F_%E4%BA%9A%E5%8F%B6_1.png,839,163,58,0,80s,19→21,1,2.85s,R133,145,,乌萨斯
['smwdata'],伊桑,近战位,Ethan,男,输出 控场,萨弗拉,3,特种,凭证交易所,罗德岛,无团队,罗德岛特种干员伊桑，将以独特的能力为你执行特别任务。,"对攻击范围内<span style=""color:#00B0FF;"">所有敌人</span>造成伤害<br/>拥有50%的物理和法术闪避且不容易成为敌人的<span style=""color:#00B0FF;"">攻击目标</span>",普通,标准,普通,标准,标准,优良,你，看不见我！,//prts.wiki/images/c/c1/%E5%A4%B4%E5%83%8F_%E4%BC%8A%E6%A1%91.png,//prts.wiki/images/thumb/e/e8/%E5%8D%8A%E8%BA%AB%E5%83%8F_%E4%BC%8A%E6%A1%91_1.png/110px-%E5%8D%8A%E8%BA%AB%E5%83%8F_%E4%BC%8A%E6%A1%91_1.png,730,346,139,10,70s,17→19,0,3.5s,R130,107,イーサン,未公开
['smwdata'],伊芙利特,远程位,Ifrit,女,群攻 削弱,萨卡兹,5,术师,公开招募 标准寻访,莱茵生命,莱茵生命,前莱茵生命医疗对象伊芙利特，想要烧尽赫默的敌人。,"攻击造成<span style=""color:#00B0FF;"">超远距离的群体法术伤害</span>",普通,标准,普通,缺陷,普通,卓越,纵火是天性，也是爱好。,//prts.wiki/images/e/ed/%E5%A4%B4%E5%83%8F_%E4%BC%8A%E8%8A%99%E5%88%A9%E7%89%B9.png,//prts.wiki/images/thumb/2/23/%E5%8D%8A%E8%BA%AB%E5%83%8F_%E4%BC%8A%E8%8A%99%E5%88%A9%E7%89%B9_1.png/110px-%E5%8D%8A%E8%BA%AB%E5%83%8F_%E4%BC%8A%E8%8A%99%E5%88%A9%E7%89%B9_1.png,687,377,52,10,70s,31→34,1,2.9s,RL03,75,イフリータ,未公开
['smwdata'],傀影,近战位,Phantom,男,快速复活 控场 输出,菲林,5,特种,标准寻访,罗德岛,无团队,罗德岛干员傀影，如影子般融入黑夜。,"再部署时间大幅度<span style=""color:#00B0FF;"">减少</span>",标准,卓越,标准,优良,优良,标准,如果有急事，就试试看喊他的代号，也许他会出现在你身后。,//prts.wiki/images/8/83/%E5%A4%B4%E5%83%8F_%E5%82%80%E5%BD%B1.png,//prts.wiki/images/thumb/a/ad/%E5%8D%8A%E8%BA%AB%E5%83%8F_%E5%82%80%E5%BD%B1_1.png/110px-%E5%8D%8A%E8%BA%AB%E5%83%8F_%E5%82%80%E5%BD%B1_1.png,769,215,144,0,18s,8→10,1,0.93s,R109,133,,维多利亚
['smwdata'],克洛丝,远程位,Kroos,女,输出,卡特斯,2,狙击,公开招募 标准寻访,罗德岛,行动预备组A1,罗德岛狙击干员克洛丝，将以弓弩挫败敌人的攻击。,优先攻击空中单位,普通,标准,普通,标准,优良,标准,一直在瞄准。,//prts.wiki/images/b/b9/%E5%A4%B4%E5%83%8F_%E5%85%8B%E6%B4%9B%E4%B8%9D.png,//prts.wiki/images/thumb/e/e7/%E5%8D%8A%E8%BA%AB%E5%83%8F_%E5%85%8B%E6%B4%9B%E4%B8%9D_1.png/110px-%E5%8D%8A%E8%BA%AB%E5%83%8F_%E5%85%8B%E6%B4%9B%E4%B8%9D_1.png,545,154,52,0,70s,9→11,1,1.0s,PA12,14,クルース,雷姆必拓
['smwdata'],凛冬,近战位,Зима,女,费用回复 支援,乌萨斯,4,先锋,公开招募 标准寻访,乌萨斯,乌萨斯学生自治团,罗德岛先锋干员凛冬，将凭借力量为小队取得开局的优势。,能够阻挡两个敌人,优良,标准,优良,普通,标准,普通,会不问缘由地为自己的朋友出头。,//prts.wiki/images/c/cd/%E5%A4%B4%E5%83%8F_%E5%87%9B%E5%86%AC.png,//prts.wiki/images/thumb/6/60/%E5%8D%8A%E8%BA%AB%E5%83%8F_%E5%87%9B%E5%86%AC_1.png/110px-%E5%8D%8A%E8%BA%AB%E5%83%8F_%E5%87%9B%E5%86%AC_1.png,812,183,147,0,70s,11→13,2,1.05s,USS1,46,ズィマー,乌萨斯
['smwdata'],初雪,远程位,Pramanix,女,削弱,菲林,4,辅助,公开招募 标准寻访,谢拉格,喀兰贸易,喀兰圣女初雪，愿意作为辅助干员，为你献上神圣的祝福。,"攻击造成<span style=""color:#00B0FF;"">法术伤害</span>",普通,普通,标准,优良,标准,卓越,其实她并不是特别想工作。,//prts.wiki/images/d/d7/%E5%A4%B4%E5%83%8F_%E5%88%9D%E9%9B%AA.png,//prts.wiki/images/thumb/d/d6/%E5%8D%8A%E8%BA%AB%E5%83%8F_%E5%88%9D%E9%9B%AA_1.png/110px-%E5%8D%8A%E8%BA%AB%E5%83%8F_%E5%88%9D%E9%9B%AA_1.png,629,193,46,15,70s,10→12,1,1.6s,JC05,68,プラマニクス,谢拉格
['smwdata'],刻俄柏,远程位,Ceobe,女,输出 控场,佩洛,5,术师,标准寻访,罗德岛,无团队,刻俄柏，随时准备打坏人。,"攻击造成<span style=""color:#00B0FF;"">法术伤害</span>",标准,优良,卓越,普通,标准,优良,能敲一个两个三个，又快又准。,//prts.wiki/images/4/4a/%E5%A4%B4%E5%83%8F_%E5%88%BB%E4%BF%84%E6%9F%8F.png,//prts.wiki/images/thumb/6/69/%E5%8D%8A%E8%BA%AB%E5%83%8F_%E5%88%BB%E4%BF%84%E6%9F%8F_1.png/110px-%E5%8D%8A%E8%BA%AB%E5%83%8F_%E5%88%BB%E4%BF%84%E6%9F%8F_1.png,657,302,48,10,70s,19→21,1,1.6s,R155,123,,玻利瓦尔
['smwdata'],刻刀,近战位,Cutter,女,爆发 输出,沃尔珀,3,近卫,标准寻访,罗德岛,无团队,雇佣兵刻刀，于战场上冷静而富有准则地完成所有任务。,"普通攻击连续造成<span style=""color:#00B0FF;"">两次</span>伤害",标准,标准,普通,普通,优良,标准,厨房比战场更凶险，最好不要让她进厨房。,//prts.wiki/images/2/2c/%E5%A4%B4%E5%83%8F_%E5%88%BB%E5%88%80.png,//prts.wiki/images/thumb/2/23/%E5%8D%8A%E8%BA%AB%E5%83%8F_%E5%88%BB%E5%88%80_1.png/110px-%E5%8D%8A%E8%BA%AB%E5%83%8F_%E5%88%BB%E5%88%80_1.png,990,233,142,0,70s,17→19→21,2,1.3s,R144,130,,哥伦比亚
['smwdata'],华法琳,远程位,Warfarin,女,治疗 支援,萨卡兹,4,医疗,公开招募 标准寻访,罗德岛,无团队,罗德岛医疗干员华法琳，以维护干员生命安全为己任。,恢复友方单位生命,标准,标准,标准,优良,标准,优良,当然了，医学研究要稍微重要那么一点点。,//prts.wiki/images/3/30/%E5%A4%B4%E5%83%8F_%E5%8D%8E%E6%B3%95%E7%90%B3.png,//prts.wiki/images/thumb/4/49/%E5%8D%8A%E8%BA%AB%E5%83%8F_%E5%8D%8E%E6%B3%95%E7%90%B3_1.png/110px-%E5%8D%8A%E8%BA%AB%E5%83%8F_%E5%8D%8E%E6%B3%95%E7%90%B3_1.png,805,172,55,0,70s,17→19,1,2.85s,R106,59,ワルファリン,卡兹戴尔
['smwdata'],卡缇,近战位,Cardigan,女,防护,佩洛,2,重装,标准寻访,罗德岛,行动预备组A4,罗德岛重装干员卡缇，时刻奔跑在战场上为队友提供可靠的防御。,能够阻挡三个敌人,普通,优良,标准,普通,普通,普通,如果能停下来就更好了......,//prts.wiki/images/8/87/%E5%A4%B4%E5%83%8F_%E5%8D%A1%E7%BC%87.png,//prts.wiki/images/thumb/c/ca/%E5%8D%8A%E8%BA%AB%E5%83%8F_%E5%8D%A1%E7%BC%87_1.png/110px-%E5%8D%8A%E8%BA%AB%E5%83%8F_%E5%8D%A1%E7%BC%87_1.png,1197,190,229,0,70s,16→18,3,1.2s,PA45,12,カーディ,莱塔尼亚
['smwdata'],卡达,远程位,Click,女,输出 控场,札拉克,3,术师,标准寻访,罗德岛,无团队,罗德岛术师干员卡达，一刻不停地拍摄着视频素材。,"操作<span style=""color:#00B0FF;"">浮游单元</span>造成<span style=""color:#00B0FF;"">法术伤害</span><br/>单元攻击同一敌人伤害提升（最高造成干员110%攻击力的伤害）",普通,标准,标准,普通,普通,标准,如果可以的话，请为她的作品点个赞。,//prts.wiki/images/4/43/%E5%A4%B4%E5%83%8F_%E5%8D%A1%E8%BE%BE.png,//prts.wiki/images/thumb/3/39/%E5%8D%8A%E8%BA%AB%E5%83%8F_%E5%8D%A1%E8%BE%BE_1.png/110px-%E5%8D%8A%E8%BA%AB%E5%83%8F_%E5%8D%A1%E8%BE%BE_1.png,589,145,47,10,70s,18→20,1,1.3s,R140,144,,未公开
['smwdata'],古米,近战位,Гум,女,防护 治疗,乌萨斯,3,重装,公开招募 标准寻访,乌萨斯,乌萨斯学生自治团,罗德岛重装干员古米，在保护同伴的同时，治疗他们的伤口。,技能可以治疗友方单位,优良,普通,优良,普通,普通,普通,她做的早餐，真的是，非常好吃。,//prts.wiki/images/0/07/%E5%A4%B4%E5%83%8F_%E5%8F%A4%E7%B1%B3.png,//prts.wiki/images/thumb/d/d3/%E5%8D%8A%E8%BA%AB%E5%83%8F_%E5%8F%A4%E7%B1%B3_1.png/110px-%E5%8D%8A%E8%BA%AB%E5%83%8F_%E5%8F%A4%E7%B1%B3_1.png,1059,179,234,10,70s,16→18→20,2→3→3,1.2s,USS3,41,グム,乌萨斯
['smwdata'],可颂,近战位,Croissant,女,防护 位移,丰蹄,4,重装,公开招募 标准寻访,企鹅物流,企鹅物流,企鹅物流特派物流人员可颂，愿意作为重装干员，为罗德岛提供可靠的防御力量。,能够阻挡三个敌人,优良,普通,标准,标准,标准,普通,商场即战场！所有的锻炼和积累，都是为了这一天！,//prts.wiki/images/a/ab/%E5%A4%B4%E5%83%8F_%E5%8F%AF%E9%A2%82.png,//prts.wiki/images/thumb/3/32/%E5%8D%8A%E8%BA%AB%E5%83%8F_%E5%8F%AF%E9%A2%82_1.png/110px-%E5%8D%8A%E8%BA%AB%E5%83%8F_%E5%8F%AF%E9%A2%82_1.png,1503,201,249,0,70s,18→20→22,3,1.2s,PL04,63,クロワッサン,米诺斯
['smwdata'],史都华德,远程位,Steward,男,输出,沃尔珀,2,术师,公开招募 标准寻访,罗德岛,行动预备组A4,罗德岛术师干员史都华德，使用源石技艺为小队开辟前路。,"攻击造成<span style=""color:#00B0FF;"">法术伤害</span>",普通,标准,普通,普通,标准,标准,预备A4队公认好好先生。,//prts.wiki/images/b/b3/%E5%A4%B4%E5%83%8F_%E5%8F%B2%E9%83%BD%E5%8D%8E%E5%BE%B7.png,//prts.wiki/images/thumb/d/d0/%E5%8D%8A%E8%BA%AB%E5%83%8F_%E5%8F%B2%E9%83%BD%E5%8D%8E%E5%BE%B7_1.png/110px-%E5%8D%8A%E8%BA%AB%E5%83%8F_%E5%8F%B2%E9%83%BD%E5%8D%8E%E5%BE%B7_1.png,592,249,38,10,70s,16→18,1,1.6s,PA42,19,スチュワード,谢拉格
['smwdata'],吽,近战位,Hung,男,防护 治疗,佩洛,4,重装,标准寻访,龙门,无团队,罗德岛重装干员吽，将在前线保护所有干员。,技能可以治疗友方单位,标准,标准,优良,普通,标准,普通,不用怀疑，他的毛摸起来很舒服。,//prts.wiki/images/4/41/%E5%A4%B4%E5%83%8F_%E5%90%BD.png,//prts.wiki/images/thumb/7/77/%E5%8D%8A%E8%BA%AB%E5%83%8F_%E5%90%BD_1.png/110px-%E5%8D%8A%E8%BA%AB%E5%83%8F_%E5%90%BD_1.png,1172,182,244,10,70s,17→19→21,2→3→3,1.2s,LM19,119,ウン,龙门
['smwdata'],嘉维尔,远程位,Gavial,女,治疗,阿达克利斯,3,医疗,信用交易所,罗德岛,无团队,罗德岛医疗干员嘉维尔，将用其特殊的医疗手段保障大家的生命安全。,恢复友方单位生命,优良,标准,优良,标准,优良,标准,经过她医治的干员，表情都很安详。,//prts.wiki/images/c/cc/%E5%A4%B4%E5%83%8F_%E5%98%89%E7%BB%B4%E5%B0%94.png,//prts.wiki/images/thumb/7/71/%E5%8D%8A%E8%BA%AB%E5%83%8F_%E5%98%89%E7%BB%B4%E5%B0%94_1.png/110px-%E5%8D%8A%E8%BA%AB%E5%83%8F_%E5%98%89%E7%BB%B4%E5%B0%94_1.png,851,159,66,0,70s,16→18,1,2.85s,IU07,37,ガヴィル,未公开
['smwdata'],因陀罗,近战位,Indra,女,输出 生存,菲林,4,近卫,公开招募,维多利亚,格拉斯哥帮,格拉斯哥帮成员因陀罗，很高兴能够又一次痛揍不识趣的家伙。,能够阻挡一个敌人,优良,标准,标准,普通,优良,普通,最擅长用拳头说话。,//prts.wiki/images/f/fe/%E5%A4%B4%E5%83%8F_%E5%9B%A0%E9%99%80%E7%BD%97.png,//prts.wiki/images/thumb/f/f6/%E5%8D%8A%E8%BA%AB%E5%83%8F_%E5%9B%A0%E9%99%80%E7%BD%97_1.png/110px-%E5%8D%8A%E8%BA%AB%E5%83%8F_%E5%9B%A0%E9%99%80%E7%BD%97_1.png,1071,206,151,0,70s,8→10,1,0.78s,GG03,49,インドラ,不明
['smwdata'],地灵,远程位,Earthspirit,女,减速,卡普里尼,3,辅助,公开招募 标准寻访,莱塔尼亚,无团队,罗德岛辅助干员地灵，在工作时间内为你提供可靠的战场支援。,"攻击造成<span style=""color:#00B0FF;"">法术伤害</span>，并对敌人造成短暂的<span style=""color:#00B0FF;"">停顿</span>",普通,标准,普通,标准,标准,优良,她又听到奇怪的声音了吗？,//prts.wiki/images/5/57/%E5%A4%B4%E5%83%8F_%E5%9C%B0%E7%81%B5.png,//prts.wiki/images/thumb/0/0e/%E5%8D%8A%E8%BA%AB%E5%83%8F_%E5%9C%B0%E7%81%B5_1.png/110px-%E5%8D%8A%E8%BA%AB%E5%83%8F_%E5%9C%B0%E7%81%B5_1.png,548,202,46,10,70s,12→14,1,1.9s,LN01,43,アーススピリット,莱塔尼亚
['smwdata'],坚雷,近战位,Dur-nar,女,防护 输出,沃尔珀,3,重装,信用交易所,罗德岛,无团队,罗德岛重装干员坚雷，誓将一切暴徒挡在盾前。,技能开启时普通攻击会造成法术伤害,优良,标准,标准,普通,优良,普通,每个自信能越过盾墙的人最终都会被击倒在地。,//prts.wiki/images/a/ab/%E5%A4%B4%E5%83%8F_%E5%9D%9A%E9%9B%B7.png,//prts.wiki/images/thumb/2/27/%E5%8D%8A%E8%BA%AB%E5%83%8F_%E5%9D%9A%E9%9B%B7_1.png/110px-%E5%8D%8A%E8%BA%AB%E5%83%8F_%E5%9D%9A%E9%9B%B7_1.png,1201,244,220,5,70s,20→22→24,3,1.6s,R124,102,ジュナー,哥伦比亚
['smwdata'],塞雷娅,近战位,Saria,女,防护 治疗 支援,瓦伊凡,5,重装,公开招募 标准寻访,莱茵生命,莱茵生命,前莱茵生命研究员塞雷娅，将是防御与治疗并重的战场核心。,技能可以治疗友方单位,优良,普通,优良,优良,优良,卓越,即使是钻石，都比她要懂得变通啊。,//prts.wiki/images/e/ee/%E5%A4%B4%E5%83%8F_%E5%A1%9E%E9%9B%B7%E5%A8%85.png,//prts.wiki/images/thumb/4/44/%E5%8D%8A%E8%BA%AB%E5%83%8F_%E5%A1%9E%E9%9B%B7%E5%A8%85_1.png/110px-%E5%8D%8A%E8%BA%AB%E5%83%8F_%E5%A1%9E%E9%9B%B7%E5%A8%85_1.png,1309,200,248,10,70s,18→20→22,2→3→3,1.2s,RL02,81,サリア,哥伦比亚
['smwdata'],夜刀,近战位,Yato,女,新手,鬼,1,先锋,公开招募,罗德岛,行动组A4,罗德岛先锋干员夜刀，将在战场上为小队赢得可观的优势。,能够阻挡两个敌人,标准,优良,标准,标准,标准,标准,喜欢她努力修行的样子。,//prts.wiki/images/b/b2/%E5%A4%B4%E5%83%8F_%E5%A4%9C%E5%88%80.png,//prts.wiki/images/thumb/a/ac/%E5%8D%8A%E8%BA%AB%E5%83%8F_%E5%A4%9C%E5%88%80_1.png/110px-%E5%8D%8A%E8%BA%AB%E5%83%8F_%E5%A4%9C%E5%88%80_1.png,721,150,134,0,70s,7,2,1.05s,A41,3,ヤトウ,东
['smwdata'],夜烟,远程位,Haze,女,输出 削弱,菲林,3,术师,公开招募 标准寻访,维多利亚,无团队,罗德岛术师干员夜烟，将使用源石技艺为小队提供援助。,"攻击造成<span style=""color:#00B0FF;"">法术伤害</span>",普通,普通,普通,优良,普通,优良,什么都束缚不了她。,//prts.wiki/images/5/55/%E5%A4%B4%E5%83%8F_%E5%A4%9C%E7%83%9F.png,//prts.wiki/images/thumb/a/a6/%E5%8D%8A%E8%BA%AB%E5%83%8F_%E5%A4%9C%E7%83%9F_1.png/110px-%E5%8D%8A%E8%BA%AB%E5%83%8F_%E5%A4%9C%E7%83%9F_1.png,619,253,42,10,70s,17→19,1,1.6s,VC02,21,ヘイズ,维多利亚
['smwdata'],夜莺,远程位,Nightingale,女,治疗 支援,萨卡兹,5,医疗,公开招募 标准寻访,罗德岛,使徒,萨卡兹医师夜莺，竭尽所能为小队提供医疗支援。,同时恢复三个友方单位的生命,缺陷,缺陷,缺陷,普通,普通,卓越,宛如一张白纸。,//prts.wiki/images/6/64/%E5%A4%B4%E5%83%8F_%E5%A4%9C%E8%8E%BA.png,//prts.wiki/images/thumb/e/e9/%E5%8D%8A%E8%BA%AB%E5%83%8F_%E5%A4%9C%E8%8E%BA_1.png/110px-%E5%8D%8A%E8%BA%AB%E5%83%8F_%E5%A4%9C%E8%8E%BA_1.png,796,132,80,5,70s,16→18,1,2.85s,FO03,79,ナイチンゲール,卡兹戴尔
['smwdata'],夜魔,远程位,Nightmare,女,输出 治疗 减速,菲林,4,术师,公开招募 标准寻访,维多利亚,无团队,罗德岛术师干员夜魔，两种人格都愿意使用源石技艺为你提供援助。,"攻击造成<span style=""color:#00B0FF;"">法术伤害</span>",普通,标准,普通,普通,标准,优良,我也不太确定眼前这个人究竟是谁。,//prts.wiki/images/a/a7/%E5%A4%B4%E5%83%8F_%E5%A4%9C%E9%AD%94.png,//prts.wiki/images/thumb/f/f7/%E5%8D%8A%E8%BA%AB%E5%83%8F_%E5%A4%9C%E9%AD%94_1.png/110px-%E5%8D%8A%E8%BA%AB%E5%83%8F_%E5%A4%9C%E9%AD%94_1.png,658,281,45,10,70s,18→20,1,1.6s,VC03,87,ナイトメア,维多利亚
['smwdata'],天火,远程位,Skyfire,女,群攻 控场,菲林,4,术师,标准寻访,罗德岛,无团队,“王者之杖”所属干员天火，很乐意烧尽一切拦路的恶人。,"攻击造成<span style=""color:#00B0FF;"">群体法术伤害</span>",普通,普通,普通,标准,普通,卓越,要是再触发火警，就扣她工资！,//prts.wiki/images/f/fa/%E5%A4%B4%E5%83%8F_%E5%A4%A9%E7%81%AB.png,//prts.wiki/images/thumb/1/1d/%E5%8D%8A%E8%BA%AB%E5%83%8F_%E5%A4%A9%E7%81%AB_1.png/110px-%E5%8D%8A%E8%BA%AB%E5%83%8F_%E5%A4%A9%E7%81%AB_1.png,686,332,48,10,70s,30→33,1,2.9s,SK01,56,スカイフレア,维多利亚
['smwdata'],守林人,远程位,Firewatch,女,输出 爆发,埃拉菲亚,4,狙击,公开招募 标准寻访,罗德岛,无团队,罗德岛狙击干员守林人，隐藏在掩体间伺机待发。,"优先攻击攻击范围内<span style=""color:#00B0FF;"">防御力最低</span>的敌方单位",普通,标准,普通,标准,优良,普通,她什么时候才能笑呢，哪怕咧咧嘴也好啊......,//prts.wiki/images/2/27/%E5%A4%B4%E5%83%8F_%E5%AE%88%E6%9E%97%E4%BA%BA.png,//prts.wiki/images/thumb/b/b0/%E5%8D%8A%E8%BA%AB%E5%83%8F_%E5%AE%88%E6%9E%97%E4%BA%BA_1.png/110px-%E5%8D%8A%E8%BA%AB%E5%83%8F_%E5%AE%88%E6%9E%97%E4%BA%BA_1.png,714,486,63,0,70s,19→21,1,2.7s,ST01,66,ファイヤーウォッチ,未公开
['smwdata'],安德切尔,远程位,Adnachiel,男,输出,萨科塔,2,狙击,公开招募,罗德岛,行动预备组A4,罗德岛狙击干员安德切尔，将以弓弩挫败敌人的攻击。,优先攻击空中单位,普通,标准,普通,普通,标准,标准,光环歪了，准头可不歪。,//prts.wiki/images/f/f6/%E5%A4%B4%E5%83%8F_%E5%AE%89%E5%BE%B7%E5%88%87%E5%B0%94.png,//prts.wiki/images/thumb/2/27/%E5%8D%8A%E8%BA%AB%E5%83%8F_%E5%AE%89%E5%BE%B7%E5%88%87%E5%B0%94_1.png/110px-%E5%8D%8A%E8%BA%AB%E5%83%8F_%E5%AE%89%E5%BE%B7%E5%88%87%E5%B0%94_1.png,531,150,55,0,70s,9→11,1,1.0s,PA44,15,アドナキエル,拉特兰
['smwdata'],安比尔,远程位,Ambriel,女,输出 减速,萨科塔,3,狙击,标准寻访,拉特兰,无团队,罗德岛狙击干员安比尔，她会在你看不到的地方瞄准你的身后。,"优先攻击攻击范围内<span style=""color:#00B0FF;"">防御力最低</span>的敌方单位",普通,标准,普通,标准,标准,标准,一位全面而标准的狙击手，只要不打瞌睡的话。,//prts.wiki/images/f/ff/%E5%A4%B4%E5%83%8F_%E5%AE%89%E6%AF%94%E5%B0%94.png,//prts.wiki/images/thumb/6/61/%E5%8D%8A%E8%BA%AB%E5%83%8F_%E5%AE%89%E6%AF%94%E5%B0%94_1.png/110px-%E5%8D%8A%E8%BA%AB%E5%83%8F_%E5%AE%89%E6%AF%94%E5%B0%94_1.png,785,437,60,0,70s,18→20,1,2.7s,LT02,115,アンブリエル,拉特兰
['smwdata'],安洁莉娜,远程位,Angelina,女,减速 输出 支援,沃尔珀,5,辅助,标准寻访,罗德岛,无团队,罗德岛辅助干员、信使安洁莉娜，很想用自己奇妙的源石技艺为你提供协助。,"攻击造成<span style=""color:#00B0FF;"">法术伤害</span>，并对敌人造成短暂的<span style=""color:#00B0FF;"">停顿</span>",普通,优良,普通,普通,普通,优良,资历尚浅，潜力无限。,//prts.wiki/images/c/ca/%E5%A4%B4%E5%83%8F_%E5%AE%89%E6%B4%81%E8%8E%89%E5%A8%9C.png,//prts.wiki/images/thumb/3/30/%E5%8D%8A%E8%BA%AB%E5%83%8F_%E5%AE%89%E6%B4%81%E8%8E%89%E5%A8%9C_1.png/110px-%E5%8D%8A%E8%BA%AB%E5%83%8F_%E5%AE%89%E6%B4%81%E8%8E%89%E5%A8%9C_1.png,629,228,53,15,70s,14→16,1,1.9s,SR02,77,アンジェリーナ,叙拉古
['smwdata'],安赛尔,远程位,Ansel,男,治疗,卡特斯,2,医疗,公开招募 标准寻访,罗德岛,行动预备组A4,罗德岛医疗干员安塞尔，将为小队提供多样的急救方案。,恢复友方单位生命,普通,标准,普通,普通,标准,标准,加油啊，安塞尔！,//prts.wiki/images/9/94/%E5%A4%B4%E5%83%8F_%E5%AE%89%E8%B5%9B%E5%B0%94.png,//prts.wiki/images/thumb/2/2d/%E5%8D%8A%E8%BA%AB%E5%83%8F_%E5%AE%89%E8%B5%9B%E5%B0%94_1.png/110px-%E5%8D%8A%E8%BA%AB%E5%83%8F_%E5%AE%89%E8%B5%9B%E5%B0%94_1.png,634,156,60,0,70s,15→17,1,2.85s,PA43,18,アンセル,雷姆必拓
['smwdata'],宴,近战位,Utage,女,输出 生存,不明,3,近卫,标准寻访,罗德岛,无团队,近卫干员宴，懒懒散散站上了前线。,"不成为其他角色的治疗目标，每次攻击到敌人后回复自身<span style=""color:#00B0FF;"">70</span>生命",普通,普通,普通,普通,优良,普通,然后十分可怕地收拾掉了敌人。,//prts.wiki/images/f/f4/%E5%A4%B4%E5%83%8F_%E5%AE%B4.png,//prts.wiki/images/thumb/4/4e/%E5%8D%8A%E8%BA%AB%E5%83%8F_%E5%AE%B4_1.png/110px-%E5%8D%8A%E8%BA%AB%E5%83%8F_%E5%AE%B4_1.png,1413,309,150,0,70s,20→22→24,1,1.2s,HK03,125,,东国
['smwdata'],崖心,近战位,Cliffheart,女,位移 输出,菲林,4,特种,公开招募 标准寻访,谢拉格,喀兰贸易,罗德岛干员崖心，作为特种干员，同时具备登山家的坚韧和战士的敏锐。,"技能可以使敌人产生<span style=""color:#00B0FF;"">位移</span><br/>可以放置于远程位",标准,优良,标准,标准,优良,标准,被登山镐钩中是相当疼的。,//prts.wiki/images/7/7d/%E5%A4%B4%E5%83%8F_%E5%B4%96%E5%BF%83.png,//prts.wiki/images/thumb/7/7d/%E5%8D%8A%E8%BA%AB%E5%83%8F_%E5%B4%96%E5%BF%83_1.png/110px-%E5%8D%8A%E8%BA%AB%E5%83%8F_%E5%B4%96%E5%BF%83_1.png,852,329,148,0,70s,11→13,2,1.8s,JC06,67,クリフハート,谢拉格
['smwdata'],巡林者,远程位,Rangers,男,新手,萨弗拉,1,狙击,公开招募,罗德岛,行动组A4,罗德岛狙击干员巡林者，将以长弓挫败敌人攻击。,优先攻击空中单位,普通,优良,普通,普通,优良,普通,充满了活力，完全不像个老人。,//prts.wiki/images/9/93/%E5%A4%B4%E5%83%8F_%E5%B7%A1%E6%9E%97%E8%80%85.png,//prts.wiki/images/thumb/8/87/%E5%8D%8A%E8%BA%AB%E5%83%8F_%E5%B7%A1%E6%9E%97%E8%80%85_1.png/110px-%E5%8D%8A%E8%BA%AB%E5%83%8F_%E5%B7%A1%E6%9E%97%E8%80%85_1.png,546,161,46,0,70s,7,1,1.0s,A42,5,レンジャー,未公开
['smwdata'],巫恋,远程位,Shamare,女,削弱,沃尔珀,4,辅助,标准寻访,罗德岛,无团队,罗德岛干员巫恋，于敌人眼中，恶灵常伴其右。,"攻击造成<span style=""color:#00B0FF;"">法术伤害</span>",普通,标准,普通,标准,普通,优良,缝补人偶是需要很多时间的，不要责备她的迟到。,//prts.wiki/images/3/36/%E5%A4%B4%E5%83%8F_%E5%B7%AB%E6%81%8B.png,//prts.wiki/images/thumb/d/dd/%E5%8D%8A%E8%BA%AB%E5%83%8F_%E5%B7%AB%E6%81%8B_1.png/110px-%E5%8D%8A%E8%BA%AB%E5%83%8F_%E5%B7%AB%E6%81%8B_1.png,677,184,48,15,70s,10→12,1,1.6s,R148,132,,叙拉古
['smwdata'],布洛卡,近战位,Broca,男,群攻 生存,菲林,4,近卫,标准寻访,罗德岛,无团队,罗德岛近卫干员布洛卡，将在前线守护其他干员。,"同时攻击阻挡的<span style=""color:#00B0FF;"">所有敌人</span>",优良,普通,标准,普通,标准,标准,他只是看上去很可怕。,//prts.wiki/images/0/04/%E5%A4%B4%E5%83%8F_%E5%B8%83%E6%B4%9B%E5%8D%A1.png,//prts.wiki/images/thumb/9/97/%E5%8D%8A%E8%BA%AB%E5%83%8F_%E5%B8%83%E6%B4%9B%E5%8D%A1_1.png/110px-%E5%8D%8A%E8%BA%AB%E5%83%8F_%E5%B8%83%E6%B4%9B%E5%8D%A1_1.png,1064,308,155,0,70s,19→21→23,2→2→3,1.2s,SR27,114,ブローカ,叙拉古
['smwdata'],年,近战位,Nian,女,防护 支援,未公开,5,重装,限定寻访,龙门,无团队,来自遥远炎土的神秘访客，年，愿意为你提供一些微小的援助。,能够阻挡三个敌人,标准,标准,标准,标准,优良,缺陷,永远处在各种娱乐活动漩涡的中心。,//prts.wiki/images/9/9c/%E5%A4%B4%E5%83%8F_%E5%B9%B4.png,//prts.wiki/images/thumb/4/4d/%E5%8D%8A%E8%BA%AB%E5%83%8F_%E5%B9%B4_1.png/110px-%E5%8D%8A%E8%BA%AB%E5%83%8F_%E5%B9%B4_1.png,1539,295,254,0,70s,19→21→23,3,1.5s,NM01,121,ニェン,炎
['smwdata'],幽灵鲨,近战位,Specter,女,群攻 生存,未公开,4,近卫,公开招募 标准寻访,深海猎人,深海猎人,深海猎人幽灵鲨，早已结束祈祷，在战场上游荡多时。,"同时攻击阻挡的<span style=""color:#00B0FF;"">所有敌人</span>",卓越,普通,卓越,缺陷,优良,缺陷,令人胆寒的疯狂。,//prts.wiki/images/2/28/%E5%A4%B4%E5%83%8F_%E5%B9%BD%E7%81%B5%E9%B2%A8.png,//prts.wiki/images/thumb/f/f8/%E5%8D%8A%E8%BA%AB%E5%83%8F_%E5%B9%BD%E7%81%B5%E9%B2%A8_1.png/110px-%E5%8D%8A%E8%BA%AB%E5%83%8F_%E5%B9%BD%E7%81%B5%E9%B2%A8_1.png,1199,293,150,0,70s,19→21→23,2→2→3,1.2s,AA02,51,スペクター,阿戈尔
['smwdata'],微风,远程位,Breeze,女,治疗 支援,沃尔珀,4,医疗,凭证交易所,罗德岛,无团队,罗德岛医疗干员微风，捉弄与治疗是并存的。,同时恢复三个友方单位的生命,普通,标准,普通,标准,缺陷,优良,切记，良药苦口。,//prts.wiki/images/a/ad/%E5%A4%B4%E5%83%8F_%E5%BE%AE%E9%A3%8E.png,//prts.wiki/images/thumb/f/fb/%E5%8D%8A%E8%BA%AB%E5%83%8F_%E5%BE%AE%E9%A3%8E_1.png/110px-%E5%8D%8A%E8%BA%AB%E5%83%8F_%E5%BE%AE%E9%A3%8E_1.png,745,125,72,0,70s,15→17,1,2.85s,R132,108,ブリーズ,维多利亚
['smwdata'],德克萨斯,近战位,Texas,女,费用回复 控场,鲁珀,4,先锋,公开招募 标准寻访,企鹅物流,企鹅物流,企鹅物流职员德克萨斯，将使用源石剑为小队取得开局的优势。,能够阻挡两个敌人,优良,优良,标准,优良,优良,优良,可以放心地把货物交给她。,//prts.wiki/images/5/57/%E5%A4%B4%E5%83%8F_%E5%BE%B7%E5%85%8B%E8%90%A8%E6%96%AF.png,//prts.wiki/images/thumb/b/b0/%E5%8D%8A%E8%BA%AB%E5%83%8F_%E5%BE%B7%E5%85%8B%E8%90%A8%E6%96%AF_1.png/110px-%E5%8D%8A%E8%BA%AB%E5%83%8F_%E5%BE%B7%E5%85%8B%E8%90%A8%E6%96%AF_1.png,727,203,139,0,70s,11→13,2,1.05s,PL02,47,テキサス,哥伦比亚
['smwdata'],惊蛰,远程位,Leizi,女,输出,麒麟,4,术师,标准寻访,炎国,无团队,来自大炎的大理寺监察司惊蛰，将与罗德岛在少数项目上进行合作。,"攻击造成<span style=""color:#00B0FF;"">法术伤害</span>，且会在<span style=""color:#00B0FF;"">4</span>个敌人间跳跃，每次跳跃伤害降低25%并造成短暂停顿(0.2s)",标准,优良,标准,优良,优良,卓越,我是不是在哪见过你？,//prts.wiki/images/8/81/%E5%A4%B4%E5%83%8F_%E6%83%8A%E8%9B%B0.png,//prts.wiki/images/thumb/5/5a/%E5%8D%8A%E8%BA%AB%E5%83%8F_%E6%83%8A%E8%9B%B0_1.png/110px-%E5%8D%8A%E8%BA%AB%E5%83%8F_%E6%83%8A%E8%9B%B0_1.png,590,266,47,10,70s,29→32,1,2.3s,YD05,122,,炎
['smwdata'],慑砂,远程位,Sesa,男,群攻 削弱,瓦伊凡,4,狙击,标准寻访,罗德岛,无团队,地下武器调整师慑砂，榴弹扫清一切。,"攻击造成<span style=""color:#00B0FF;"">群体物理伤害</span>",标准,普通,标准,普通,优良,标准,而且他故意为之的审美真的也很爆炸。,//prts.wiki/images/e/e7/%E5%A4%B4%E5%83%8F_%E6%85%91%E7%A0%82.png,//prts.wiki/images/thumb/5/57/%E5%8D%8A%E8%BA%AB%E5%83%8F_%E6%85%91%E7%A0%82_1.png/110px-%E5%8D%8A%E8%BA%AB%E5%83%8F_%E6%85%91%E7%A0%82_1.png,847,363,63,0,70s,24→26→28,1,2.8s,R158,127,,萨尔贡
['smwdata'],慕斯,近战位,Mousse,女,输出,菲林,3,近卫,公开招募 标准寻访,维多利亚,无团队,罗德岛近卫干员慕斯，已经尽力把敌人想象成了抓板。,"攻击造成<span style=""color:#00B0FF;"">法术伤害</span>",标准,标准,标准,普通,标准,优良,总而言之一个字，挠。,//prts.wiki/images/f/fc/%E5%A4%B4%E5%83%8F_%E6%85%95%E6%96%AF.png,//prts.wiki/images/thumb/9/9d/%E5%8D%8A%E8%BA%AB%E5%83%8F_%E6%85%95%E6%96%AF_1.png/110px-%E5%8D%8A%E8%BA%AB%E5%83%8F_%E6%85%95%E6%96%AF_1.png,1069,273,158,10,70s,18→20,1,1.25s,VC04,33,ムース,维多利亚
['smwdata'],拉普兰德,近战位,Lappland,女,输出 削弱,鲁珀,4,近卫,标准寻访,罗德岛,无团队,干员拉普兰德，迫不及待想要切开眼前的敌人。,"可以进行<span style=""color:#00B0FF;"">远程攻击</span>，但此时攻击力降低至80%",优良,标准,标准,标准,卓越,优良,祈祷吧，祈祷她会听从你的指挥。,//prts.wiki/images/b/bf/%E5%A4%B4%E5%83%8F_%E6%8B%89%E6%99%AE%E5%85%B0%E5%BE%B7.png,//prts.wiki/images/thumb/b/ba/%E5%8D%8A%E8%BA%AB%E5%83%8F_%E6%8B%89%E6%99%AE%E5%85%B0%E5%BE%B7_1.png/110px-%E5%8D%8A%E8%BA%AB%E5%83%8F_%E6%8B%89%E6%99%AE%E5%85%B0%E5%BE%B7_1.png,987,285,173,10,70s,17→19,2,1.3s,SR01,50,ラップランド,叙拉古
['smwdata'],拜松,近战位,Bison,男,防护,丰蹄,4,重装,活动获得,龙门,无团队,信使拜松，与年龄不相符的稳重。,能够阻挡三个敌人,标准,标准,优良,标准,普通,标准,但其本人至今仍在质疑，信使是否真的需要掌握这么多的作战技巧。,//prts.wiki/images/b/b2/%E5%A4%B4%E5%83%8F_%E6%8B%9C%E6%9D%BE.png,//prts.wiki/images/thumb/2/2c/%E5%8D%8A%E8%BA%AB%E5%83%8F_%E6%8B%9C%E6%9D%BE_1.png/110px-%E5%8D%8A%E8%BA%AB%E5%83%8F_%E6%8B%9C%E6%9D%BE_1.png,1475,198,245,0,80s,20→22→24,3,1.2s,LM15,110,バイソン,龙门
['smwdata'],推进之王,近战位,Siege,女,费用回复 输出,阿斯兰,5,先锋,公开招募 标准寻访,维多利亚,格拉斯哥帮,格拉斯哥帮头领推进之王，将为你辟开前路。,能够阻挡两个敌人,优良,优良,优良,优良,优良,标准,她的领导力与生俱来。,//prts.wiki/images/b/ba/%E5%A4%B4%E5%83%8F_%E6%8E%A8%E8%BF%9B%E4%B9%8B%E7%8E%8B.png,//prts.wiki/images/thumb/9/98/%E5%8D%8A%E8%BA%AB%E5%83%8F_%E6%8E%A8%E8%BF%9B%E4%B9%8B%E7%8E%8B_1.png/110px-%E5%8D%8A%E8%BA%AB%E5%83%8F_%E6%8E%A8%E8%BF%9B%E4%B9%8B%E7%8E%8B_1.png,911,212,154,0,70s,12→14,2,1.05s,GG01,74,シージ,维多利亚
['smwdata'],斑点,近战位,Spot,男,防护 治疗,瑞柏巴,2,重装,公开招募 标准寻访,罗德岛,行动预备组A6,罗德岛重装干员斑点，将在抵御攻击的同时为小队提供简单的医疗支援。,技能可以治疗友方单位,标准,普通,优良,普通,标准,标准,看上去彬彬有礼——直到开口前一刻。,//prts.wiki/images/3/30/%E5%A4%B4%E5%83%8F_%E6%96%91%E7%82%B9.png,//prts.wiki/images/thumb/7/74/%E5%8D%8A%E8%BA%AB%E5%83%8F_%E6%96%91%E7%82%B9_1.png/110px-%E5%8D%8A%E8%BA%AB%E5%83%8F_%E6%96%91%E7%82%B9_1.png,1057,165,225,10,70s,15→17,2→3,1.2s,PA64,91,スポット,萨尔贡
['smwdata'],断崖,近战位,Ayerscarpe,男,输出 群攻,卡特斯,4,近卫,标准寻访,雷姆必拓,无团队,信使护卫断崖，根据雇佣合约提供支援。,"可以进行<span style=""color:#00B0FF;"">远程攻击</span>，但此时攻击力降低至80%",标准,优良,优良,标准,优良,标准,实际履行时会比合约中规定的内容多很多。,//prts.wiki/images/e/ea/%E5%A4%B4%E5%83%8F_%E6%96%AD%E5%B4%96.png,//prts.wiki/images/thumb/1/13/%E5%8D%8A%E8%BA%AB%E5%83%8F_%E6%96%AD%E5%B4%96_1.png/110px-%E5%8D%8A%E8%BA%AB%E5%83%8F_%E6%96%AD%E5%B4%96_1.png,1016,279,178,5,70s,17→19,2,1.3s,RB04,146,,雷姆必拓
['smwdata'],断罪者,近战位,Conviction,断罪,输出 生存 控场 爆发,未知（疑似黎博利）,3,近卫,活动获得,罗德岛,无团队,断罪大师正准备加入，心怀感激！,能够阻挡一个敌人,标准,标准,标准,标准,标准,标准,有罪，就要断！,//prts.wiki/images/f/f2/%E5%A4%B4%E5%83%8F_%E6%96%AD%E7%BD%AA%E8%80%85.png,//prts.wiki/images/thumb/5/50/%E5%8D%8A%E8%BA%AB%E5%83%8F_%E6%96%AD%E7%BD%AA%E8%80%85_1.png/110px-%E5%8D%8A%E8%BA%AB%E5%83%8F_%E6%96%AD%E7%BD%AA%E8%80%85_1.png,1386,375,74,0,70s,14→16,1,1.5s,MN01,129,,米诺斯
['smwdata'],斯卡蒂,近战位,Skadi,女,输出 生存,未公开,5,近卫,公开招募 标准寻访,深海猎人,深海猎人,赏金猎人斯卡蒂，循着潮汐前来吞没你的敌人。,能够阻挡一个敌人,■■,标准,卓越,标准,优良,缺陷,从潮湿的地方来，到干燥的你身边。,//prts.wiki/images/5/53/%E5%A4%B4%E5%83%8F_%E6%96%AF%E5%8D%A1%E8%92%82.png,//prts.wiki/images/thumb/a/a5/%E5%8D%8A%E8%BA%AB%E5%83%8F_%E6%96%AF%E5%8D%A1%E8%92%82_1.png/110px-%E5%8D%8A%E8%BA%AB%E5%83%8F_%E6%96%AF%E5%8D%A1%E8%92%82_1.png,1442,415,116,0,70s,17→19,1,1.5s,AA01,89,スカジ,阿戈尔
['smwdata'],早露,远程位,Роса,女,输出 控场,乌萨斯,5,狙击,标准寻访,乌萨斯,乌萨斯学生自治团,乌萨斯学生自治团成员早露，准备迎接新的生活。,优先攻击重量最重的敌人,标准,普通,标准,优良,标准,标准,给她一点时间。,//prts.wiki/images/6/63/%E5%A4%B4%E5%83%8F_%E6%97%A9%E9%9C%B2.png,//prts.wiki/images/thumb/9/92/%E5%8D%8A%E8%BA%AB%E5%83%8F_%E6%97%A9%E9%9C%B2_1.png/110px-%E5%8D%8A%E8%BA%AB%E5%83%8F_%E6%97%A9%E9%9C%B2_1.png,800,492,60,0,70s,22→24,1,2.4s,USS4,143,,乌萨斯
['smwdata'],星极,近战位,Astesia,女,输出 防护,黎博利,4,近卫,标准寻访,罗德岛,无团队,罗德岛近卫干员星极，借着星辰的力量维持你的战线。,"攻击造成<span style=""color:#00B0FF;"">法术伤害</span>",普通,标准,标准,标准,标准,优良,她是星空，也是你的小闹钟。,//prts.wiki/images/e/ee/%E5%A4%B4%E5%83%8F_%E6%98%9F%E6%9E%81.png,//prts.wiki/images/thumb/6/61/%E5%8D%8A%E8%BA%AB%E5%83%8F_%E6%98%9F%E6%9E%81_1.png/110px-%E5%8D%8A%E8%BA%AB%E5%83%8F_%E6%98%9F%E6%9E%81_1.png,1150,283,177,10,70s,19→21,1,1.25s,RR01,100,アステシア,哥伦比亚
['smwdata'],星熊,近战位,Hoshiguma,女,防护 输出,鬼,5,重装,公开招募 标准寻访,龙门,龙门近卫局,龙门近卫局特别任务组干员星熊准备完毕，等待你的指示。,能够阻挡三个敌人,优良,标准,卓越,标准,优良,普通,害怕的时候可以站在她身边壮胆。,//prts.wiki/images/0/07/%E5%A4%B4%E5%83%8F_%E6%98%9F%E7%86%8A.png,//prts.wiki/images/thumb/2/22/%E5%8D%8A%E8%BA%AB%E5%83%8F_%E6%98%9F%E7%86%8A_1.png/110px-%E5%8D%8A%E8%BA%AB%E5%83%8F_%E6%98%9F%E7%86%8A_1.png,1602,221,257,0,70s,19→21→23,3,1.2s,LM05,80,ホシグマ,东
['smwdata'],普罗旺斯,远程位,Provence,女,输出,鲁珀,4,狙击,公开招募 标准寻访,罗德岛,无团队,罗德岛天灾信使普罗旺斯，时刻注意着天灾与敌人的动向。,高精度的近距离射击,普通,优良,普通,标准,优良,标准,也注意着大家的生活质量。,//prts.wiki/images/7/72/%E5%A4%B4%E5%83%8F_%E6%99%AE%E7%BD%97%E6%97%BA%E6%96%AF.png,//prts.wiki/images/thumb/9/9a/%E5%8D%8A%E8%BA%AB%E5%83%8F_%E6%99%AE%E7%BD%97%E6%97%BA%E6%96%AF_1.png/110px-%E5%8D%8A%E8%BA%AB%E5%83%8F_%E6%99%AE%E7%BD%97%E6%97%BA%E6%96%AF_1.png,716,332,81,0,70s,15→17→19,1,1.6s,SR03,65,プロヴァンス,叙拉古
['smwdata'],暗索,近战位,Rope,女,位移,卡特斯,3,特种,公开招募 标准寻访,雷姆必拓,无团队,罗德岛特种干员暗索，将凭借钩索技术为小队提供便利。,"技能可以使敌人产生<span style=""color:#00B0FF;"">位移</span><br/>可以放置于远程位",标准,优良,标准,标准,标准,标准,一钩，一拉，成了！,//prts.wiki/images/d/dd/%E5%A4%B4%E5%83%8F_%E6%9A%97%E7%B4%A2.png,//prts.wiki/images/thumb/2/2e/%E5%8D%8A%E8%BA%AB%E5%83%8F_%E6%9A%97%E7%B4%A2_1.png/110px-%E5%8D%8A%E8%BA%AB%E5%83%8F_%E6%9A%97%E7%B4%A2_1.png,744,313,142,0,70s,10→12,2,1.8s,RB02,35,ロープ,雷姆必拓
['smwdata'],暴行,近战位,Savage,女,群攻 爆发,卡特斯,4,近卫,预约奖励 周年奖励,雷姆必拓,无团队,雷姆必拓所属近卫干员暴行，心里总是想着为你和阿米娅做些什么。,"同时攻击阻挡的<span style=""color:#00B0FF;"">所有敌人</span>",优良,标准,优良,普通,标准,标准,千万别惹她生气。,//prts.wiki/images/3/36/%E5%A4%B4%E5%83%8F_%E6%9A%B4%E8%A1%8C.png,//prts.wiki/images/thumb/f/fb/%E5%8D%8A%E8%BA%AB%E5%83%8F_%E6%9A%B4%E8%A1%8C_1.png/110px-%E5%8D%8A%E8%BA%AB%E5%83%8F_%E6%9A%B4%E8%A1%8C_1.png,1108,284,135,0,70s,18→20→22,2→2→3,1.2s,RB01,83,サベージ,雷姆必拓
['smwdata'],月禾,远程位,Tsukinogi,女,支援 生存,埃拉菲亚,4,辅助,标准寻访,罗德岛,无团队,前东国天灾信使月禾，以辅助博士掌控战局为己任。,"攻击造成<span style=""color:#00B0FF;"">法术伤害</span>",普通,优良,标准,标准,普通,优良,擅长说服他人，不会说服你。,//prts.wiki/images/b/b6/%E5%A4%B4%E5%83%8F_%E6%9C%88%E7%A6%BE.png,//prts.wiki/images/thumb/8/8f/%E5%8D%8A%E8%BA%AB%E5%83%8F_%E6%9C%88%E7%A6%BE_1.png/110px-%E5%8D%8A%E8%BA%AB%E5%83%8F_%E6%9C%88%E7%A6%BE_1.png,635,173,81,15,70s,10→12,1,1.6s,R129,139,,东
['smwdata'],月见夜,近战位,Midnight,男,输出,萨卡兹,2,近卫,公开招募 标准寻访,罗德岛,行动预备组A6,罗德岛近卫干员月见夜，将凭自己的剑术，对抗罗德岛的敌人。,"可以进行<span style=""color:#00B0FF;"">远程攻击</span>，但此时攻击力降低至80%",标准,标准,优良,普通,标准,优良,很意外，他的战斗技巧，真的挺不错。,//prts.wiki/images/b/b7/%E5%A4%B4%E5%83%8F_%E6%9C%88%E8%A7%81%E5%A4%9C.png,//prts.wiki/images/thumb/d/dd/%E5%8D%8A%E8%BA%AB%E5%83%8F_%E6%9C%88%E8%A7%81%E5%A4%9C_1.png/110px-%E5%8D%8A%E8%BA%AB%E5%83%8F_%E6%9C%88%E8%A7%81%E5%A4%9C_1.png,879,252,162,5,70s,14→16,2,1.3s,PA62,85,ミッドナイト,东国
['smwdata'],末药,远程位,Myrrh,女,治疗,沃尔珀,3,医疗,公开招募 标准寻访,罗德岛,无团队,罗德岛医疗干员末药，将用草药为小队提供医疗援助。,恢复友方单位生命,普通,标准,普通,普通,普通,标准,苦在舌尖，甜在心间。,//prts.wiki/images/d/d9/%E5%A4%B4%E5%83%8F_%E6%9C%AB%E8%8D%AF.png,//prts.wiki/images/thumb/5/54/%E5%8D%8A%E8%BA%AB%E5%83%8F_%E6%9C%AB%E8%8D%AF_1.png/110px-%E5%8D%8A%E8%BA%AB%E5%83%8F_%E6%9C%AB%E8%8D%AF_1.png,752,161,57,0,70s,16→18,1,2.85s,R104,36,ミルラ,未公开
['smwdata'],杜宾,近战位,Dobermann,女,输出 支援,佩洛,3,近卫,公开招募 标准寻访,罗德岛,无团队,罗德岛新人教官杜宾，能够随时为你提供战场上的各项建议。,"可以攻击到<span style=""color:#00B0FF;"">较远敌人</span>",标准,标准,标准,优良,优良,标准,你永远需要一位老兵的建议。,//prts.wiki/images/a/a1/%E5%A4%B4%E5%83%8F_%E6%9D%9C%E5%AE%BE.png,//prts.wiki/images/thumb/f/fb/%E5%8D%8A%E8%BA%AB%E5%83%8F_%E6%9D%9C%E5%AE%BE_1.png/110px-%E5%8D%8A%E8%BA%AB%E5%83%8F_%E6%9D%9C%E5%AE%BE_1.png,743,239,178,0,70s,13→15,2,1.05s,R100,29,ドーベルマン,玻利瓦尔
['smwdata'],杜林,远程位,Durin,女,新手,杜林,1,术师,公开招募,罗德岛,行动组A4,罗德岛术师干员杜林，将以源石技艺为小队构筑战略优势。,"攻击造成<span style=""color:#00B0FF;"">法术伤害</span>",缺陷,普通,缺陷,普通,普通,优良,她看起来十分困乏。,//prts.wiki/images/2/24/%E5%A4%B4%E5%83%8F_%E6%9D%9C%E6%9E%97.png,//prts.wiki/images/thumb/9/9c/%E5%8D%8A%E8%BA%AB%E5%83%8F_%E6%9D%9C%E6%9E%97_1.png/110px-%E5%8D%8A%E8%BA%AB%E5%83%8F_%E6%9D%9C%E6%9E%97_1.png,571,238,36,10,70s,12,1,1.6s,A44,6,ドゥリン,未公开
['smwdata'],杰西卡,远程位,Jessica,女,输出 生存,菲林,3,狙击,公开招募 标准寻访,黑钢,黑钢,黑钢狙击干员杰西卡，将用其专业技术为团队提供有效的打击力量。,优先攻击空中单位,标准,标准,优良,普通,标准,普通,如果她没那么胆小的话会更好。,//prts.wiki/images/6/63/%E5%A4%B4%E5%83%8F_%E6%9D%B0%E8%A5%BF%E5%8D%A1.png,//prts.wiki/images/thumb/5/51/%E5%8D%8A%E8%BA%AB%E5%83%8F_%E6%9D%B0%E8%A5%BF%E5%8D%A1_1.png/110px-%E5%8D%8A%E8%BA%AB%E5%83%8F_%E6%9D%B0%E8%A5%BF%E5%8D%A1_1.png,604,163,54,0,70s,10→12,1,1.0s,BS03,23,ジェシカ,维多利亚
['smwdata'],极境,近战位,Elysium,男,费用回复 支援,黎博利,4,先锋,标准寻访,罗德岛,无团队,先锋干员极境，提供安心安全的稳定战场通讯。,技能发动期间阻挡数变为0,普通,优良,普通,标准,优良,标准,旗子并非武器，砸坏了要赔很多钱。,//prts.wiki/images/9/97/%E5%A4%B4%E5%83%8F_%E6%9E%81%E5%A2%83.png,//prts.wiki/images/thumb/0/03/%E5%8D%8A%E8%BA%AB%E5%83%8F_%E6%9E%81%E5%A2%83_1.png/110px-%E5%8D%8A%E8%BA%AB%E5%83%8F_%E6%9E%81%E5%A2%83_1.png,702,237,154,0,70s,9→11,1,1.3s,R131,135,,伊比利亚
['smwdata'],柏喙,近战位,Bibeak,女,爆发 输出,黎博利,4,近卫,活动获得,罗德岛,无团队,近卫干员柏喙，努力在战场上建立自信。,"普通攻击连续造成<span style=""color:#00B0FF;"">两次</span>伤害",普通,标准,普通,普通,标准,普通,她不是会在敌人身上绣花的那种人。,//prts.wiki/images/2/2f/%E5%A4%B4%E5%83%8F_%E6%9F%8F%E5%96%99.png,//prts.wiki/images/thumb/7/7f/%E5%8D%8A%E8%BA%AB%E5%83%8F_%E6%9F%8F%E5%96%99_1.png/110px-%E5%8D%8A%E8%BA%AB%E5%83%8F_%E6%9F%8F%E5%96%99_1.png,1089,245,146,0,70s,18→20→22,2,1.3s,R138,126,,萨米
['smwdata'],格劳克斯,远程位,Glaucus,女,减速 控场,未公开,4,辅助,标准寻访,罗德岛,无团队,雷神工业武器评测师格劳克斯，凭借全新的技术打击敌人的机械单位。,"攻击造成<span style=""color:#00B0FF;"">法术伤害</span>，并对敌人造成短暂的<span style=""color:#00B0FF;"">停顿</span>",普通,普通,优良,优良,标准,普通,请记得保留随身通讯设备的发票。,//prts.wiki/images/5/53/%E5%A4%B4%E5%83%8F_%E6%A0%BC%E5%8A%B3%E5%85%8B%E6%96%AF.png,//prts.wiki/images/thumb/e/ef/%E5%8D%8A%E8%BA%AB%E5%83%8F_%E6%A0%BC%E5%8A%B3%E5%85%8B%E6%96%AF_1.png/110px-%E5%8D%8A%E8%BA%AB%E5%83%8F_%E6%A0%BC%E5%8A%B3%E5%85%8B%E6%96%AF_1.png,592,213,45,10,70s,13→15,1,1.9s,R128,97,グラウコス,阿戈尔地区
['smwdata'],格拉尼,近战位,Grani,女,费用回复 防护,库兰塔,4,先锋,活动获得,维多利亚,无团队,罗德岛先锋干员、骑警格拉尼，将凭手中长枪，扫平战场上的一切阻碍。,击杀敌人后获得1点部署费用，撤退时返还初始部署费用,标准,优良,标准,标准,优良,普通,为了理想、同时也为了你，她将奋战到底。,//prts.wiki/images/2/29/%E5%A4%B4%E5%83%8F_%E6%A0%BC%E6%8B%89%E5%B0%BC.png,//prts.wiki/images/thumb/8/84/%E5%8D%8A%E8%BA%AB%E5%83%8F_%E6%A0%BC%E6%8B%89%E5%B0%BC_1.png/110px-%E5%8D%8A%E8%BA%AB%E5%83%8F_%E6%A0%BC%E6%8B%89%E5%B0%BC_1.png,877,235,166,0,80s,12→14,1,1.0s,VC05,88,グラニ,维多利亚
['smwdata'],格雷伊,远程位,Greyy,男,群攻 减速,佩洛,3,术师,公开招募 标准寻访,罗德岛,无团队,罗德岛法术干员格雷伊，小心翼翼地使用源石技艺击退所有来犯之敌。,"攻击造成<span style=""color:#00B0FF;"">群体法术伤害</span>",普通,标准,普通,普通,普通,标准,即使再小的光芒，也要全力绽放。,//prts.wiki/images/f/fe/%E5%A4%B4%E5%83%8F_%E6%A0%BC%E9%9B%B7%E4%BC%8A.png,//prts.wiki/images/thumb/9/9b/%E5%8D%8A%E8%BA%AB%E5%83%8F_%E6%A0%BC%E9%9B%B7%E4%BC%8A_1.png/110px-%E5%8D%8A%E8%BA%AB%E5%83%8F_%E6%A0%BC%E9%9B%B7%E4%BC%8A_1.png,595,298,52,10,70s,29→32,1,2.9s,R119,92,グレイ,玻利瓦尔
['smwdata'],桃金娘,近战位,Myrtle,女,费用回复 治疗,杜林,3,先锋,标准寻访,罗德岛,无团队,罗德岛先锋干员桃金娘，将会带领其他干员冲锋陷阵！,技能发动期间阻挡数变为0,标准,标准,标准,优良,标准,标准,或许可以让她和凛冬交流一下。,//prts.wiki/images/9/9d/%E5%A4%B4%E5%83%8F_%E6%A1%83%E9%87%91%E5%A8%98.png,//prts.wiki/images/thumb/3/33/%E5%8D%8A%E8%BA%AB%E5%83%8F_%E6%A1%83%E9%87%91%E5%A8%98_1.png/110px-%E5%8D%8A%E8%BA%AB%E5%83%8F_%E6%A1%83%E9%87%91%E5%A8%98_1.png,658,231,138,0,70s,8→10,1,1.3s,R108,99,テンニンカ,未公开
['smwdata'],梅,远程位,May,女,输出 减速,黎博利,3,狙击,标准寻访,维多利亚,无团队,罗德岛狙击干员梅，对恶人发出警告，必要时予以制裁。,优先攻击空中单位,标准,标准,普通,优良,标准,普通,不接受出轨调查，以及寻找出走宠物等类型的委托。,//prts.wiki/images/a/ac/%E5%A4%B4%E5%83%8F_%E6%A2%85.png,//prts.wiki/images/thumb/b/b0/%E5%8D%8A%E8%BA%AB%E5%83%8F_%E6%A2%85_1.png/110px-%E5%8D%8A%E8%BA%AB%E5%83%8F_%E6%A2%85_1.png,730,163,36,0,70s,10→12,1,1.0s,VC01,109,メイ,维多利亚
['smwdata'],梅尔,远程位,Mayer,女,召唤 控场,阿纳缇,4,辅助,公开招募 标准寻访,莱茵生命,莱茵生命,莱茵生命研究员梅尔，操控着她的咪波们准备加入战斗。,"攻击造成<span style=""color:#00B0FF;"">法术伤害</span><br/>可以使用<span style=""color:#00B0FF;"">召唤物</span>协助作战",普通,标准,标准,优良,标准,普通,从各种意义上来说，都是多线操控的天才。,//prts.wiki/images/0/07/%E5%A4%B4%E5%83%8F_%E6%A2%85%E5%B0%94.png,//prts.wiki/images/thumb/1/11/%E5%8D%8A%E8%BA%AB%E5%83%8F_%E6%A2%85%E5%B0%94_1.png/110px-%E5%8D%8A%E8%BA%AB%E5%83%8F_%E6%A2%85%E5%B0%94_1.png,480,199,56,15,70s,9→11,1,1.6s,RL05,57,メイヤー,哥伦比亚
['smwdata'],梓兰,远程位,Orchid,女,减速,黎博利,2,辅助,公开招募 标准寻访,罗德岛,行动预备组A6,罗德岛辅助干员梓兰，将凭借源石技艺为各小队提供援助。,"攻击造成<span style=""color:#00B0FF;"">法术伤害</span>，并对敌人造成短暂的<span style=""color:#00B0FF;"">停顿</span>",普通,普通,普通,标准,标准,优良,请注意计算她的工时。,//prts.wiki/images/8/83/%E5%A4%B4%E5%83%8F_%E6%A2%93%E5%85%B0.png,//prts.wiki/images/thumb/a/a8/%E5%8D%8A%E8%BA%AB%E5%83%8F_%E6%A2%93%E5%85%B0_1.png/110px-%E5%8D%8A%E8%BA%AB%E5%83%8F_%E6%A2%93%E5%85%B0_1.png,553,192,44,10,70s,10→12,1,1.9s,PA61,20,オーキッド,哥伦比亚
['smwdata'],槐琥,近战位,Waai Fu,女,快速复活 削弱,菲林,4,特种,标准寻访,龙门,无团队,来自龙门的实习干员槐琥，在干员综合测试中获得了相当高的分数。,"再部署时间大幅度<span style=""color:#00B0FF;"">减少</span>",优良,优良,标准,标准,优良,普通,绝不承认自己就是冬青木区大学生行侠仗义第一人。,//prts.wiki/images/e/ed/%E5%A4%B4%E5%83%8F_%E6%A7%90%E7%90%A5.png,//prts.wiki/images/thumb/b/b6/%E5%8D%8A%E8%BA%AB%E5%83%8F_%E6%A7%90%E7%90%A5_1.png/110px-%E5%8D%8A%E8%BA%AB%E5%83%8F_%E6%A7%90%E7%90%A5_1.png,680,207,137,0,18s,7→9,1,0.93s,LM12,111,ワイフー,炎
['smwdata'],泡普卡,近战位,Popukar,女,群攻 生存,卡特斯,2,近卫,公开招募 标准寻访,罗德岛,行动预备组A6,罗德岛近卫干员泡普卡，拿起电锯想要赶跑威胁博士的坏人。,"同时攻击阻挡的<span style=""color:#00B0FF;"">所有敌人</span>",优良,普通,普通,普通,普通,标准,乖巧的时候很听话，失控的时候很可怕。,//prts.wiki/images/1/16/%E5%A4%B4%E5%83%8F_%E6%B3%A1%E6%99%AE%E5%8D%A1.png,//prts.wiki/images/thumb/e/e3/%E5%8D%8A%E8%BA%AB%E5%83%8F_%E6%B3%A1%E6%99%AE%E5%8D%A1_1.png/110px-%E5%8D%8A%E8%BA%AB%E5%83%8F_%E6%B3%A1%E6%99%AE%E5%8D%A1_1.png,1130,263,126,0,70s,17→19,2,1.2s,PA65,90,ポプカル,雷姆必拓
['smwdata'],波登可,远程位,Podenco,女,减速 治疗,佩洛,3,辅助,标准寻访,罗德岛,无团队,辅助干员波登可，为紧张的战场带来一点花香。,"攻击造成<span style=""color:#00B0FF;"">法术伤害</span>，并对敌人造成短暂的<span style=""color:#00B0FF;"">停顿</span>",普通,标准,普通,普通,普通,普通,香味让人舒缓，也能让人倒地。,//prts.wiki/images/4/43/%E5%A4%B4%E5%83%8F_%E6%B3%A2%E7%99%BB%E5%8F%AF.png,//prts.wiki/images/thumb/6/67/%E5%8D%8A%E8%BA%AB%E5%83%8F_%E6%B3%A2%E7%99%BB%E5%8F%AF_1.png/110px-%E5%8D%8A%E8%BA%AB%E5%83%8F_%E6%B3%A2%E7%99%BB%E5%8F%AF_1.png,528,208,43,10,70s,12→14,1,1.9s,R157,140,,玻利瓦尔
['smwdata'],流星,远程位,Meteor,女,输出 削弱,库兰塔,3,狙击,公开招募 标准寻访,卡西米尔,无团队,罗德岛狙击干员流星，随时准备拉满弓弦。,优先攻击空中单位,标准,优良,普通,普通,标准,标准,就像流星那样，划过天空，落在你身边。,//prts.wiki/images/1/14/%E5%A4%B4%E5%83%8F_%E6%B5%81%E6%98%9F.png,//prts.wiki/images/thumb/8/86/%E5%8D%8A%E8%BA%AB%E5%83%8F_%E6%B5%81%E6%98%9F_1.png/110px-%E5%8D%8A%E8%BA%AB%E5%83%8F_%E6%B5%81%E6%98%9F_1.png,612,159,58,0,70s,10→12,1,1.0s,ST02,24,メテオ,卡西米尔
['smwdata'],深海色,远程位,Deepcolor,女,召唤,未公开,3,辅助,标准寻访,罗德岛,无团队,罗德岛辅助干员深海色，使役着她的“助手”们准备加入战斗。,"攻击造成<span style=""color:#00B0FF;"">法术伤害</span><br/>可以使用<span style=""color:#00B0FF;"">召唤物</span>协助作战",普通,普通,普通,标准,标准,优良,你不会想知道她是怎样作画的。,//prts.wiki/images/d/d1/%E5%A4%B4%E5%83%8F_%E6%B7%B1%E6%B5%B7%E8%89%B2.png,//prts.wiki/images/thumb/2/27/%E5%8D%8A%E8%BA%AB%E5%83%8F_%E6%B7%B1%E6%B5%B7%E8%89%B2_1.png/110px-%E5%8D%8A%E8%BA%AB%E5%83%8F_%E6%B7%B1%E6%B5%B7%E8%89%B2_1.png,472,181,53,10,70s,8→10,1,1.6s,AA04,42,ディピカ,未公开
['smwdata'],清流,远程位,Purestream,女,治疗 支援,阿戈尔,3,医疗,限时礼包,罗德岛,无团队,水道治理人清流，吃苦耐劳，兢兢业业。,"拥有较大治疗范围，但在治疗较远目标时治疗量变为<span style=""color:#00B0FF;"">70%</span>",普通,标准,普通,普通,普通,优良,她觉得往水里丢硬币许愿真的有点傻，最好别这么干。,//prts.wiki/images/1/19/%E5%A4%B4%E5%83%8F_%E6%B8%85%E6%B5%81.png,//prts.wiki/images/thumb/b/ba/%E5%8D%8A%E8%BA%AB%E5%83%8F_%E6%B8%85%E6%B5%81_1.png/110px-%E5%8D%8A%E8%BA%AB%E5%83%8F_%E6%B8%85%E6%B5%81_1.png,748,150,51,5,80s,17→19,1,2.85s,R160,124,,炎
['smwdata'],清道夫,近战位,Scavenger,女,费用回复 输出,札拉克,3,先锋,公开招募 标准寻访,罗德岛,S.W.E.E.P原型,S.W.E.E.P执行人清道夫，时刻准备部署。,能够阻挡两个敌人,优良,普通,普通,普通,优良,标准,能够扫清一切，唯独对自己的房间束手无策。,//prts.wiki/images/6/63/%E5%A4%B4%E5%83%8F_%E6%B8%85%E9%81%93%E5%A4%AB.png,//prts.wiki/images/thumb/b/bc/%E5%8D%8A%E8%BA%AB%E5%83%8F_%E6%B8%85%E9%81%93%E5%A4%AB_1.png/110px-%E5%8D%8A%E8%BA%AB%E5%83%8F_%E6%B8%85%E9%81%93%E5%A4%AB_1.png,693,185,136,0,70s,10→12,2,1.05s,SW02,27,スカベンジャー,未公开
['smwdata'],温蒂,近战位,Weedy,女,位移 输出 控场,阿戈尔,5,特种,标准寻访,罗德岛,无团队,罗德岛生物工程研究员温蒂，研究之余踏上战场。,"同时攻击阻挡的<span style=""color:#00B0FF;"">所有敌人</span><br/>可以放置于远程位",标准,标准,普通,优良,标准,标准,在她面前要注意仪表仪态！,//prts.wiki/images/9/93/%E5%A4%B4%E5%83%8F_%E6%B8%A9%E8%92%82.png,//prts.wiki/images/thumb/5/5f/%E5%8D%8A%E8%BA%AB%E5%83%8F_%E6%B8%A9%E8%92%82_1.png/110px-%E5%8D%8A%E8%BA%AB%E5%83%8F_%E6%B8%A9%E8%92%82_1.png,984,295,163,0,70s,19→21,2,1.2s,R117,136,,伊比利亚
['smwdata'],火神,近战位,Vulcan,女,生存 防护 输出,丰蹄,4,重装,公开招募,罗德岛,无团队,罗德岛重装干员火神，已为你烧红火炉，随时准备开始锻造。,"<span style=""color:#00B0FF;"">无法</span>被友方角色治疗",优良,标准,优良,标准,标准,标准,比起修东西，她更喜欢打造点新玩意。,//prts.wiki/images/f/f1/%E5%A4%B4%E5%83%8F_%E7%81%AB%E7%A5%9E.png,//prts.wiki/images/thumb/d/d7/%E5%8D%8A%E8%BA%AB%E5%83%8F_%E7%81%AB%E7%A5%9E_1.png/110px-%E5%8D%8A%E8%BA%AB%E5%83%8F_%E7%81%AB%E7%A5%9E_1.png,1574,344,222,10,70s,31→33→35,2→3→3,1.6s,MN02,64,ヴァルカン,米诺斯
['smwdata'],灰喉,远程位,GreyThroat,女,输出,黎博利,4,狙击,标准寻访,罗德岛,无团队,罗德岛狙击干员灰喉，每一次扎实的射击都将带来一份永远的宁静。,优先攻击空中单位,标准,优良,普通,标准,优良,普通,如果被她冷眼相向，千万不要以为那是针对你的。,//prts.wiki/images/3/3b/%E5%A4%B4%E5%83%8F_%E7%81%B0%E5%96%89.png,//prts.wiki/images/thumb/4/4b/%E5%8D%8A%E8%BA%AB%E5%83%8F_%E7%81%B0%E5%96%89_1.png/110px-%E5%8D%8A%E8%BA%AB%E5%83%8F_%E7%81%B0%E5%96%89_1.png,667,173,53,0,70s,11→13,1,1.0s,R110,116,グレースロート,未公开
['smwdata'],炎客,近战位,Flamebringer,男,输出 生存,萨卡兹,4,近卫,活动获得,罗德岛,无团队,罗德岛近卫干员炎客，将倾力毁灭那些值得一战的敌人。,能够阻挡一个敌人,优良,标准,优良,标准,优良,标准,但如果敌人太弱，他可能会放水。,//prts.wiki/images/d/d6/%E5%A4%B4%E5%83%8F_%E7%82%8E%E5%AE%A2.png,//prts.wiki/images/thumb/c/c8/%E5%8D%8A%E8%BA%AB%E5%83%8F_%E7%82%8E%E5%AE%A2_1.png/110px-%E5%8D%8A%E8%BA%AB%E5%83%8F_%E7%82%8E%E5%AE%A2_1.png,1423,378,86,0,80s,18→20,1,1.5s,R137,104,エンカク,卡兹戴尔
['smwdata'],炎熔,远程位,Lava,女,群攻,萨卡兹,2,术师,公开招募 标准寻访,罗德岛,行动预备组A1,罗德岛术师干员炎熔，将用源石技艺为小队开辟空间。,"攻击造成<span style=""color:#00B0FF;"">群体法术伤害</span>",普通,普通,普通,普通,标准,标准,请小心处理她与干员芙蓉间的关系。,//prts.wiki/images/f/fb/%E5%A4%B4%E5%83%8F_%E7%82%8E%E7%86%94.png,//prts.wiki/images/thumb/2/2b/%E5%8D%8A%E8%BA%AB%E5%83%8F_%E7%82%8E%E7%86%94_1.png/110px-%E5%8D%8A%E8%BA%AB%E5%83%8F_%E7%82%8E%E7%86%94_1.png,576,296,41,10,70s,27→30,1,2.9s,PA15,16,ラヴァ,维多利亚
['smwdata'],煌,近战位,Blaze,女,输出 生存,菲林,5,近卫,标准寻访,罗德岛,无团队,罗德岛最热情的精英干员，煌，将在任何地方散播她的热情。,"同时攻击阻挡的<span style=""color:#00B0FF;"">所有敌人</span>",优良,优良,优良,标准,优良,优良,拜托，有时候实在是太热了。,//prts.wiki/images/3/30/%E5%A4%B4%E5%83%8F_%E7%85%8C.png,//prts.wiki/images/thumb/1/1c/%E5%8D%8A%E8%BA%AB%E5%83%8F_%E7%85%8C_1.png/110px-%E5%8D%8A%E8%BA%AB%E5%83%8F_%E7%85%8C_1.png,1286,308,156,0,70s,20→22→24,2→2→3,1.2s,RE41,117,ブレイズ,维多利亚
['smwdata'],狮蝎,近战位,Manticore,女,输出 生存,曼提柯,4,特种,公开招募 标准寻访,罗德岛,无团队,罗德岛特种干员狮蝎，将在战场上挥舞蝎尾无声地狩猎敌人。,"对攻击范围内<span style=""color:#00B0FF;"">所有敌人</span>造成伤害<br/>拥有50%的物理和法术闪避且不容易成为敌人的<span style=""color:#00B0FF;"">攻击目标</span>",优良,优良,标准,标准,优良,优良,我在这里呀！,//prts.wiki/images/c/c5/%E5%A4%B4%E5%83%8F_%E7%8B%AE%E8%9D%8E.png,//prts.wiki/images/thumb/c/ce/%E5%8D%8A%E8%BA%AB%E5%83%8F_%E7%8B%AE%E8%9D%8E_1.png/110px-%E5%8D%8A%E8%BA%AB%E5%83%8F_%E7%8B%AE%E8%9D%8E_1.png,777,378,141,10,70s,18→20,0,3.5s,SG01,71,マンティコア,萨尔贡
['smwdata'],猎蜂,近战位,Beehunter,女,输出,乌萨斯,3,近卫,公开招募 标准寻访,乌萨斯,无团队,罗德岛近卫干员猎蜂，将活用格斗技能痛击敌人。,能够阻挡一个敌人,优良,标准,标准,普通,标准,标准,拳击第二，蜂蜜第一。,//prts.wiki/images/c/c2/%E5%A4%B4%E5%83%8F_%E7%8C%8E%E8%9C%82.png,//prts.wiki/images/thumb/a/ad/%E5%8D%8A%E8%BA%AB%E5%83%8F_%E7%8C%8E%E8%9C%82_1.png/110px-%E5%8D%8A%E8%BA%AB%E5%83%8F_%E7%8C%8E%E8%9C%82_1.png,1010,201,131,0,70s,7→9,1,0.78s,US10,86,ビーハンター,乌萨斯
['smwdata'],玫兰莎,近战位,Melantha,女,输出 生存,菲林,2,近卫,公开招募 标准寻访,罗德岛,行动预备组A4,罗德岛近卫干员玫兰莎，将为小队提供优秀的进攻能力。,能够阻挡一个敌人,优良,优良,普通,标准,标准,标准,绝不要小看她的长刀。,//prts.wiki/images/4/4b/%E5%A4%B4%E5%83%8F_%E7%8E%AB%E5%85%B0%E8%8E%8E.png,//prts.wiki/images/thumb/1/1c/%E5%8D%8A%E8%BA%AB%E5%83%8F_%E7%8E%AB%E5%85%B0%E8%8E%8E_1.png/110px-%E5%8D%8A%E8%BA%AB%E5%83%8F_%E7%8E%AB%E5%85%B0%E8%8E%8E_1.png,1332,361,83,0,70s,13→15,1,1.5s,PA41,11,メランサ,维多利亚
['smwdata'],白金,远程位,Platinum,女,输出,库兰塔,4,狙击,公开招募 标准寻访,卡西米尔,无团队,卡西米尔无胄盟成员白金，将为战场提供全面的火力支援。,优先攻击空中单位,标准,优良,普通,标准,优良,标准,悠然自得的骑士噩梦。,//prts.wiki/images/3/3b/%E5%A4%B4%E5%83%8F_%E7%99%BD%E9%87%91.png,//prts.wiki/images/thumb/c/c6/%E5%8D%8A%E8%BA%AB%E5%83%8F_%E7%99%BD%E9%87%91_1.png/110px-%E5%8D%8A%E8%BA%AB%E5%83%8F_%E7%99%BD%E9%87%91_1.png,693,171,58,0,70s,11→13,1,1.0s,KZ03,53,プラチナ,卡西米尔
['smwdata'],白雪,远程位,ShiraYuki,女,群攻 减速,阿纳缇,3,狙击,公开招募 标准寻访,龙门,无团队,文月夫人的贴身护卫白雪，谨遵主命为你提供帮助。,"攻击造成<span style=""color:#00B0FF;"">群体物理伤害</span>",标准,优良,普通,普通,标准,普通,她总会从你意想不到的地方出现。,//prts.wiki/images/b/b4/%E5%A4%B4%E5%83%8F_%E7%99%BD%E9%9B%AA.png,//prts.wiki/images/thumb/d/d4/%E5%8D%8A%E8%BA%AB%E5%83%8F_%E7%99%BD%E9%9B%AA_1.png/110px-%E5%8D%8A%E8%BA%AB%E5%83%8F_%E7%99%BD%E9%9B%AA_1.png,834,347,51,0,70s,23→25→27,1,2.8s,LM10,25,シラユキ,东
['smwdata'],白面鸮,远程位,Ptilopsis,女,治疗 支援,黎博利,4,医疗,公开招募 标准寻访,莱茵生命,莱茵生命,莱茵生命数据维护员白面鸮启动完成，请输入命令行进行操作。,同时恢复三个友方单位的生命,普通,普通,普通,标准,优良,优良,101010111101000,//prts.wiki/images/8/83/%E5%A4%B4%E5%83%8F_%E7%99%BD%E9%9D%A2%E9%B8%AE.png,//prts.wiki/images/thumb/f/fb/%E5%8D%8A%E8%BA%AB%E5%83%8F_%E7%99%BD%E9%9D%A2%E9%B8%AE_1.png/110px-%E5%8D%8A%E8%BA%AB%E5%83%8F_%E7%99%BD%E9%9D%A2%E9%B8%AE_1.png,751,122,71,0,70s,15→17,1,2.85s,RL04,45,フィリオプシス,哥伦比亚
['smwdata'],真理,远程位,Истина,女,减速 输出,乌萨斯,4,辅助,公开招募 标准寻访,乌萨斯,乌萨斯学生自治团,乌萨斯学生自治团成员真理，从书籍中挑选合适的源石技艺痛击敌人。,"攻击造成<span style=""color:#00B0FF;"">法术伤害</span>，并对敌人造成短暂的<span style=""color:#00B0FF;"">停顿</span>",普通,普通,普通,优良,优良,优良,书中自有颜如玉。,//prts.wiki/images/e/e6/%E5%A4%B4%E5%83%8F_%E7%9C%9F%E7%90%86.png,//prts.wiki/images/thumb/1/17/%E5%8D%8A%E8%BA%AB%E5%83%8F_%E7%9C%9F%E7%90%86_1.png/110px-%E5%8D%8A%E8%BA%AB%E5%83%8F_%E7%9C%9F%E7%90%86_1.png,581,218,46,10,70s,13→15,1,1.9s,USS2,69,イースチナ,乌萨斯
['smwdata'],石棉,近战位,Asbestos,女,防护 输出,萨弗拉,4,重装,标准寻访,雷姆必拓,无团队,罗德岛签约探险家石棉，十分不情愿地为你服务。,技能开启时普通攻击会造成法术伤害,标准,优良,优良,标准,标准,标准,别自作多情。她不讨厌任何人，当然，也不喜欢任何人。,//prts.wiki/images/1/18/%E5%A4%B4%E5%83%8F_%E7%9F%B3%E6%A3%89.png,//prts.wiki/images/thumb/c/c3/%E5%8D%8A%E8%BA%AB%E5%83%8F_%E7%9F%B3%E6%A3%89_1.png/110px-%E5%8D%8A%E8%BA%AB%E5%83%8F_%E7%9F%B3%E6%A3%89_1.png,1252,265,223,5,70s,21→23→25,3,1.6s,RB05,138,,雷姆必拓
['smwdata'],砾,近战位,Gravel,女,快速复活 防护,札拉克,3,特种,公开招募 标准寻访,卡西米尔,无团队,罗德岛特种干员砾，将灵活闪现在战场上抵御攻击。,"再部署时间大幅度<span style=""color:#00B0FF;"">减少</span>",标准,标准,标准,标准,优良,普通,真的是骑士吗？真的?,//prts.wiki/images/c/ce/%E5%A4%B4%E5%83%8F_%E7%A0%BE.png,//prts.wiki/images/thumb/c/c1/%E5%8D%8A%E8%BA%AB%E5%83%8F_%E7%A0%BE_1.png/110px-%E5%8D%8A%E8%BA%AB%E5%83%8F_%E7%A0%BE_1.png,663,176,151,0,18s,6→8,1,0.93s,KZ04,34,グラベル,卡西米尔
['smwdata'],稀音,远程位,Scene,女,召唤 支援,皮洛萨,4,辅助,活动获得,罗德岛,无团队,战场摄影师稀音，忠实履行自己的职责。,"攻击造成<span style=""color:#00B0FF;"">法术伤害</span><br/>可以使用<span style=""color:#00B0FF;"">召唤物</span>协助作战",普通,缺陷,标准,普通,普通,优良,她动了？她动了吗？,//prts.wiki/images/c/c6/%E5%A4%B4%E5%83%8F_%E7%A8%80%E9%9F%B3.png,//prts.wiki/images/thumb/8/8e/%E5%8D%8A%E8%BA%AB%E5%83%8F_%E7%A8%80%E9%9F%B3_1.png/110px-%E5%8D%8A%E8%BA%AB%E5%83%8F_%E7%A8%80%E9%9F%B3_1.png,496,194,67,15,70s,9→11,1,1.6s,R162,148,,萨尔贡
['smwdata'],空,远程位,Sora,女,支援 治疗,因经纪公司要求不公开,4,辅助,标准寻访,企鹅物流,企鹅物流,企鹅物流职员空，将以歌声为小队提供多种战术援助。,"不进行攻击，持续恢复攻击范围内所有友军的<span style=""color:#00B0FF;"">生命</span>（每秒恢复相当于空攻击力10%的生命）",普通,普通,普通,标准,标准,优良,希望她能用歌声带来和平。,//prts.wiki/images/5/58/%E5%A4%B4%E5%83%8F_%E7%A9%BA.png,//prts.wiki/images/thumb/7/7b/%E5%8D%8A%E8%BA%AB%E5%83%8F_%E7%A9%BA_1.png/110px-%E5%8D%8A%E8%BA%AB%E5%83%8F_%E7%A9%BA_1.png,519,133,95,0,70s,5→7,1,1.0s,PL05,70,ソラ,因经纪公司要求不公开
['smwdata'],空爆,远程位,Catapult,女,群攻,库兰塔,2,狙击,公开招募 标准寻访,罗德岛,行动预备组A6,罗德岛狙击干员空爆，作为狙击干员，十分擅长对抗大批敌人。,"攻击造成<span style=""color:#00B0FF;"">群体物理伤害</span>",标准,优良,普通,普通,标准,标准,勉强能够遵守干员规章制度，加班的时候绝对不在。,//prts.wiki/images/c/cd/%E5%A4%B4%E5%83%8F_%E7%A9%BA%E7%88%86.png,//prts.wiki/images/thumb/d/dc/%E5%8D%8A%E8%BA%AB%E5%83%8F_%E7%A9%BA%E7%88%86_1.png/110px-%E5%8D%8A%E8%BA%AB%E5%83%8F_%E7%A9%BA%E7%88%86_1.png,736,340,51,0,70s,21→23,1,2.8s,PA63,84,カタパルト,卡西米尔
['smwdata'],米格鲁,近战位,Beagle,女,防护,佩洛,2,重装,公开招募 标准寻访,罗德岛,行动预备组A1,罗德岛重装干员米格鲁，将为队友提供坚实的防御力量。,能够阻挡三个敌人,优良,普通,优良,普通,标准,标准,可以多对她说些鼓励的话。,//prts.wiki/images/3/32/%E5%A4%B4%E5%83%8F_%E7%B1%B3%E6%A0%BC%E9%B2%81.png,//prts.wiki/images/thumb/9/92/%E5%8D%8A%E8%BA%AB%E5%83%8F_%E7%B1%B3%E6%A0%BC%E9%B2%81_1.png/110px-%E5%8D%8A%E8%BA%AB%E5%83%8F_%E7%B1%B3%E6%A0%BC%E9%B2%81_1.png,1144,184,242,0,70s,16→18,3,1.2s,PA14,13,ビーグル,玻利瓦尔
['smwdata'],红,近战位,Projekt Red,女,快速复活 控场,鲁珀,4,特种,公开招募 标准寻访,罗德岛,S.W.E.E.P原型,罗德岛特种干员、猎狼人红，即将加入狩猎。,"再部署时间大幅度<span style=""color:#00B0FF;"">减少</span>",标准,卓越,标准,普通,卓越,普通,利刃，就是锐齿。,//prts.wiki/images/a/ac/%E5%A4%B4%E5%83%8F_%E7%BA%A2.png,//prts.wiki/images/thumb/8/81/%E5%8D%8A%E8%BA%AB%E5%83%8F_%E7%BA%A2_1.png/110px-%E5%8D%8A%E8%BA%AB%E5%83%8F_%E7%BA%A2_1.png,703,204,135,0,18s,7→9,1,0.93s,SW01,61,レッド,未公开
['smwdata'],红云,远程位,Vermeil,女,输出,沃尔珀,3,狙击,标准寻访,罗德岛,无团队,叙拉古猎人红云，荒野昭示着猎物的方向。,优先攻击空中单位,普通,标准,普通,普通,标准,标准,狩猎时请记得提醒队友陷阱的方位。,//prts.wiki/images/a/af/%E5%A4%B4%E5%83%8F_%E7%BA%A2%E4%BA%91.png,//prts.wiki/images/thumb/3/35/%E5%8D%8A%E8%BA%AB%E5%83%8F_%E7%BA%A2%E4%BA%91_1.png/110px-%E5%8D%8A%E8%BA%AB%E5%83%8F_%E7%BA%A2%E4%BA%91_1.png,550,166,57,0,70s,10→12,1,1.0s,R122,103,ヴァーミル,不明
['smwdata'],红豆,近战位,Vigna,女,输出 费用回复,萨卡兹,3,先锋,公开招募 标准寻访,罗德岛,无团队,罗德岛先锋干员红豆，握紧长枪，准备着进入战场。,击杀敌人后获得1点部署费用，撤退时返还初始部署费用,优良,标准,优良,普通,标准,标准,她很清楚，在需要全身心投入这一点上，战争和摇滚别无二致。,//prts.wiki/images/b/bb/%E5%A4%B4%E5%83%8F_%E7%BA%A2%E8%B1%86.png,//prts.wiki/images/thumb/a/a6/%E5%8D%8A%E8%BA%AB%E5%83%8F_%E7%BA%A2%E8%B1%86_1.png/110px-%E5%8D%8A%E8%BA%AB%E5%83%8F_%E7%BA%A2%E8%B1%86_1.png,724,248,152,0,70s,9→11,1,1.0s,R105,28,ヴィグナ,卡兹戴尔
['smwdata'],缠丸,近战位,Matoimaru,女,生存 输出,鬼,3,近卫,公开招募 标准寻访,罗德岛,无团队,罗德岛近卫干员缠丸，她挥刀只为斩落你的敌人。,能够阻挡一个敌人,优良,标准,优良,普通,标准,优良,反应快，下手快，伤口好得更快。,//prts.wiki/images/1/13/%E5%A4%B4%E5%83%8F_%E7%BC%A0%E4%B8%B8.png,//prts.wiki/images/thumb/b/b4/%E5%8D%8A%E8%BA%AB%E5%83%8F_%E7%BC%A0%E4%B8%B8_1.png/110px-%E5%8D%8A%E8%BA%AB%E5%83%8F_%E7%BC%A0%E4%B8%B8_1.png,1443,370,70,0,70s,15→17,1,1.5s,HK01,30,マトイマル,东
['smwdata'],翎羽,近战位,Plume,女,输出 费用回复,黎博利,2,先锋,公开招募 标准寻访,拉特兰,无团队,罗德岛先锋干员翎羽，将为小队提供可靠的防御并反击敌人的攻势。,击杀敌人后获得1点部署费用，撤退时返还初始部署费用,标准,优良,普通,普通,标准,普通,一丝不苟的拉特兰卫士。,//prts.wiki/images/1/1f/%E5%A4%B4%E5%83%8F_%E7%BF%8E%E7%BE%BD.png,//prts.wiki/images/thumb/1/17/%E5%8D%8A%E8%BA%AB%E5%83%8F_%E7%BF%8E%E7%BE%BD_1.png/110px-%E5%8D%8A%E8%BA%AB%E5%83%8F_%E7%BF%8E%E7%BE%BD_1.png,688,229,148,0,70s,8→10,1,1.0s,LT05,10,プリュム,拉特兰
['smwdata'],能天使,远程位,Exusiai,女,输出,萨科塔,5,狙击,公开招募 标准寻访,企鹅物流,企鹅物流,企鹅物流职员能天使，将用铳枪为小队扫平前路。,优先攻击空中单位,标准,优良,标准,优良,优良,标准,真的可以放心地把货物交给她吗？,//prts.wiki/images/a/ad/%E5%A4%B4%E5%83%8F_%E8%83%BD%E5%A4%A9%E4%BD%BF.png,//prts.wiki/images/thumb/2/2e/%E5%8D%8A%E8%BA%AB%E5%83%8F_%E8%83%BD%E5%A4%A9%E4%BD%BF_1.png/110px-%E5%8D%8A%E8%BA%AB%E5%83%8F_%E8%83%BD%E5%A4%A9%E4%BD%BF_1.png,711,183,57,0,70s,12→14,1,1.0s,PL03,73,エクシア,拉特兰
['smwdata'],艾丝黛尔,近战位,Estelle,女,群攻 生存,阿达克利斯,3,近卫,公开招募,罗德岛,无团队,罗德岛近卫干员艾丝黛尔，还在犹豫自己是否能帮上忙。,"同时攻击阻挡的<span style=""color:#00B0FF;"">所有敌人</span>",优良,普通,标准,普通,普通,标准,请相信她的能力吧！,//prts.wiki/images/5/57/%E5%A4%B4%E5%83%8F_%E8%89%BE%E4%B8%9D%E9%BB%9B%E5%B0%94.png,//prts.wiki/images/thumb/e/ea/%E5%8D%8A%E8%BA%AB%E5%83%8F_%E8%89%BE%E4%B8%9D%E9%BB%9B%E5%B0%94_1.png/110px-%E5%8D%8A%E8%BA%AB%E5%83%8F_%E8%89%BE%E4%B8%9D%E9%BB%9B%E5%B0%94_1.png,1140,278,133,0,70s,18→20→22,2→2→3,1.2s,IU04,32,エステル,未公开
['smwdata'],艾雅法拉,远程位,Eyjafjalla,女,输出 削弱,卡普里尼,5,术师,标准寻访,莱塔尼亚,无团队,罗德岛术师干员艾雅法拉，一直想要倾尽全力为你做些什么。,"攻击造成<span style=""color:#00B0FF;"">法术伤害</span>",普通,普通,普通,普通,普通,卓越,总是很努力，总是很认真。,//prts.wiki/images/c/cc/%E5%A4%B4%E5%83%8F_%E8%89%BE%E9%9B%85%E6%B3%95%E6%8B%89.png,//prts.wiki/images/thumb/3/36/%E5%8D%8A%E8%BA%AB%E5%83%8F_%E8%89%BE%E9%9B%85%E6%B3%95%E6%8B%89_1.png/110px-%E5%8D%8A%E8%BA%AB%E5%83%8F_%E8%89%BE%E9%9B%85%E6%B3%95%E6%8B%89_1.png,732,292,46,10,70s,19→21,1,1.6s,LN02,76,エイヤフィヤトラ,莱塔尼亚
['smwdata'],芙兰卡,近战位,Franka,女,输出 生存,沃尔珀,4,近卫,标准寻访,黑钢,黑钢,黑钢防化小队近卫干员芙兰卡，正在等待你的部署。,能够阻挡一个敌人,优良,标准,标准,优良,优良,优良,炽热的铝热剑穿透一切防御。,//prts.wiki/images/2/2b/%E5%A4%B4%E5%83%8F_%E8%8A%99%E5%85%B0%E5%8D%A1.png,//prts.wiki/images/thumb/8/81/%E5%8D%8A%E8%BA%AB%E5%83%8F_%E8%8A%99%E5%85%B0%E5%8D%A1_1.png/110px-%E5%8D%8A%E8%BA%AB%E5%83%8F_%E8%8A%99%E5%85%B0%E5%8D%A1_1.png,1386,382,105,0,70s,16→18,1,1.5s,BS01,48,フランカ,哥伦比亚
['smwdata'],芙蓉,远程位,Hibiscus,女,治疗,萨卡兹,2,医疗,公开招募 标准寻访,罗德岛,行动预备组A1,罗德岛医疗干员芙蓉，将为伤员提供可靠的医疗援助。,恢复友方单位生命,普通,普通,普通,标准,普通,标准,请小心处理她与干员炎熔间的关系。,//prts.wiki/images/d/d3/%E5%A4%B4%E5%83%8F_%E8%8A%99%E8%93%89.png,//prts.wiki/images/thumb/7/7e/%E5%8D%8A%E8%BA%AB%E5%83%8F_%E8%8A%99%E8%93%89_1.png/110px-%E5%8D%8A%E8%BA%AB%E5%83%8F_%E8%8A%99%E8%93%89_1.png,682,153,61,0,70s,15→17,1,2.85s,PA13,17,ハイビスカス,维多利亚
['smwdata'],芬,近战位,Fang,女,费用回复,库兰塔,2,先锋,公开招募 标准寻访,罗德岛,行动预备组A1,罗德岛先锋干员芬，将在战场上为小队赢得可观的优势。,能够阻挡两个敌人,标准,优良,标准,标准,标准,标准,她跑得可真快。,//prts.wiki/images/4/41/%E5%A4%B4%E5%83%8F_%E8%8A%AC.png,//prts.wiki/images/thumb/d/d9/%E5%8D%8A%E8%BA%AB%E5%83%8F_%E8%8A%AC_1.png/110px-%E5%8D%8A%E8%BA%AB%E5%83%8F_%E8%8A%AC_1.png,742,157,130,0,70s,9→11,2,1.05s,PA11,8,フェン,卡西米尔
['smwdata'],苇草,近战位,Reed,女,费用回复 输出,德拉克,4,先锋,标准寻访,维多利亚,无团队,罗德岛收容的病人苇草，愿意为信任的人提供私人援助。,击杀敌人后获得1点部署费用，撤退时返还初始部署费用,优良,优良,标准,优良,优良,卓越,但是，对她的运用比对她的保护更危险。,//prts.wiki/images/7/7a/%E5%A4%B4%E5%83%8F_%E8%8B%87%E8%8D%89.png,//prts.wiki/images/thumb/e/e1/%E5%8D%8A%E8%BA%AB%E5%83%8F_%E8%8B%87%E8%8D%89_1.png/110px-%E5%8D%8A%E8%BA%AB%E5%83%8F_%E8%8B%87%E8%8D%89_1.png,870,240,164,0,70s,10→12,1,1.0s,HT03,113,リード,维多利亚
['smwdata'],苏苏洛,远程位,Sussurro,女,治疗,沃尔珀,3,医疗,标准寻访,罗德岛,无团队,罗德岛医疗干员苏苏洛，随时准备冲上去救治伤员。,恢复友方单位生命,普通,标准,普通,普通,普通,标准,她会一板一眼地按照干员手册执行医疗操作。,//prts.wiki/images/6/63/%E5%A4%B4%E5%83%8F_%E8%8B%8F%E8%8B%8F%E6%B4%9B.png,//prts.wiki/images/thumb/7/79/%E5%8D%8A%E8%BA%AB%E5%83%8F_%E8%8B%8F%E8%8B%8F%E6%B4%9B_1.png/110px-%E5%8D%8A%E8%BA%AB%E5%83%8F_%E8%8B%8F%E8%8B%8F%E6%B4%9B_1.png,725,173,53,0,70s,16→18,1,2.85s,R107,95,ススーロ,叙拉古
['smwdata'],苦艾,远程位,Absinthe,女,输出,乌萨斯,4,术师,活动获得,乌萨斯,无团队,术师干员苦艾，时刻准备好排除威胁。,"攻击造成<span style=""color:#00B0FF;"">法术伤害</span>",标准,普通,标准,普通,标准,优良,和之前不同，或许这次她可以再次尝试去保护。,//prts.wiki/images/e/e9/%E5%A4%B4%E5%83%8F_%E8%8B%A6%E8%89%BE.png,//prts.wiki/images/thumb/7/78/%E5%8D%8A%E8%BA%AB%E5%83%8F_%E8%8B%A6%E8%89%BE_1.png/110px-%E5%8D%8A%E8%BA%AB%E5%83%8F_%E8%8B%A6%E8%89%BE_1.png,619,286,47,10,80s,20→22,1,1.6s,US11,141,,乌萨斯
['smwdata'],莫斯提马,远程位,Mostima,女,群攻 支援 控场,未公开,5,术师,标准寻访,拉特兰,无团队,资深信使莫斯提马，用法术为你扫平前路。,"攻击造成<span style=""color:#00B0FF;"">群体法术伤害</span>",标准,标准,标准,标准,优良,卓越,不过首先，你要能找得到她。,//prts.wiki/images/0/0b/%E5%A4%B4%E5%83%8F_%E8%8E%AB%E6%96%AF%E6%8F%90%E9%A9%AC.png,//prts.wiki/images/thumb/f/fc/%E5%8D%8A%E8%BA%AB%E5%83%8F_%E8%8E%AB%E6%96%AF%E6%8F%90%E9%A9%AC_1.png/110px-%E5%8D%8A%E8%BA%AB%E5%83%8F_%E8%8E%AB%E6%96%AF%E6%8F%90%E9%A9%AC_1.png,777,348,52,10,70s,31→34,1,2.9s,LT77,112,モスティマ,拉特兰
['smwdata'],莱恩哈特,远程位,Leonhardt,男,群攻 爆发,卡特斯,4,术师,标准寻访,雷姆必拓,无团队,天灾信使莱恩哈特，面临一些棘手的障碍需要粉碎时也可以找他。,"攻击造成<span style=""color:#00B0FF;"">群体法术伤害</span>",普通,标准,标准,标准,优良,优良,禁止未经批准地拣一大堆石料回来找他鉴定。,//prts.wiki/images/0/03/%E5%A4%B4%E5%83%8F_%E8%8E%B1%E6%81%A9%E5%93%88%E7%89%B9.png,//prts.wiki/images/thumb/1/16/%E5%8D%8A%E8%BA%AB%E5%83%8F_%E8%8E%B1%E6%81%A9%E5%93%88%E7%89%B9_1.png/110px-%E5%8D%8A%E8%BA%AB%E5%83%8F_%E8%8E%B1%E6%81%A9%E5%93%88%E7%89%B9_1.png,696,328,47,10,70s,30→33,1,2.9s,RB03,142,,雷姆必拓
['smwdata'],蓝毒,远程位,Blue Poison,女,输出,安努拉,4,狙击,公开招募 标准寻访,罗德岛,无团队,罗德岛狙击干员蓝毒，将运用自己的毒素对敌人进行攻击。,优先攻击空中单位,普通,标准,普通,普通,优良,普通,触碰她吧，给予她信心。,//prts.wiki/images/6/63/%E5%A4%B4%E5%83%8F_%E8%93%9D%E6%AF%92.png,//prts.wiki/images/thumb/a/ac/%E5%8D%8A%E8%BA%AB%E5%83%8F_%E8%93%9D%E6%AF%92_1.png/110px-%E5%8D%8A%E8%BA%AB%E5%83%8F_%E8%93%9D%E6%AF%92_1.png,536,178,45,5,70s,11→13,1,1.0s,AA03,52,アズリウス,未公开
['smwdata'],蛇屠箱,近战位,Cuora,女,防护,匹特拉姆,3,重装,公开招募 标准寻访,罗德岛,无团队,罗德岛重装干员蛇屠箱，将为小队提供坚实可靠的防御。,能够阻挡三个敌人,普通,普通,优良,普通,普通,标准,变得很硬，超级超级硬。,//prts.wiki/images/0/02/%E5%A4%B4%E5%83%8F_%E8%9B%87%E5%B1%A0%E7%AE%B1.png,//prts.wiki/images/thumb/a/a6/%E5%8D%8A%E8%BA%AB%E5%83%8F_%E8%9B%87%E5%B1%A0%E7%AE%B1_1.png/110px-%E5%8D%8A%E8%BA%AB%E5%83%8F_%E8%9B%87%E5%B1%A0%E7%AE%B1_1.png,1221,193,249,0,70s,17→19→21,3,1.2s,IU05,40,クオーラ,未公开
['smwdata'],蜜蜡,远程位,Beeswax,女,群攻 防护,卡普里尼,4,术师,标准寻访,罗德岛,无团队,萨尔贡沙漠上的部族司祭蜜蜡，金色沙原中寄寓她的祝福。,"通常时<span style=""color:#00B0FF;"">不攻击</span>且防御力和法术抗性大幅度<span style=""color:#00B0FF;"">提升</span>，技能开启时攻击造成<span style=""color:#00B0FF;"">群体法术伤害</span><br/><span style=""color:#F49800;"">(通常时防御力+200%，法术抗性+20)</span>",普通,普通,标准,标准,普通,优良,允许触碰犄角，代表双方之间的亲昵、信赖，与尊重。,//prts.wiki/images/1/1d/%E5%A4%B4%E5%83%8F_%E8%9C%9C%E8%9C%A1.png,//prts.wiki/images/thumb/9/9b/%E5%8D%8A%E8%BA%AB%E5%83%8F_%E8%9C%9C%E8%9C%A1_1.png/110px-%E5%8D%8A%E8%BA%AB%E5%83%8F_%E8%9C%9C%E8%9C%A1_1.png,1052,378,131,15,70s,21→23,1,2.0s,R147,149,,萨尔贡
['smwdata'],角峰,近战位,Matterhorn,男,防护,丰蹄,3,重装,公开招募 标准寻访,谢拉格,喀兰贸易,喀兰贸易公司卫士角峰，将作为重装干员为您提供服务。,能够阻挡三个敌人,优良,普通,优良,标准,标准,缺陷,坚实可靠的谢拉格之盾。,//prts.wiki/images/e/e4/%E5%A4%B4%E5%83%8F_%E8%A7%92%E5%B3%B0.png,//prts.wiki/images/thumb/7/7d/%E5%8D%8A%E8%BA%AB%E5%83%8F_%E8%A7%92%E5%B3%B0_1.png/110px-%E5%8D%8A%E8%BA%AB%E5%83%8F_%E8%A7%92%E5%B3%B0_1.png,1273,198,241,5,70s,17→19→21,3,1.2s,JC03,39,マッターホルン,谢拉格
['smwdata'],讯使,近战位,Courier,男,费用回复 防护,依特拉,3,先锋,信用交易所,谢拉格,喀兰贸易,喀兰贸易公司联络人讯使，将作为先锋干员为您提供服务。,能够阻挡两个敌人,标准,优良,优良,标准,优良,普通,无论传递信息还是战斗，他都非常可靠。,//prts.wiki/images/2/27/%E5%A4%B4%E5%83%8F_%E8%AE%AF%E4%BD%BF.png,//prts.wiki/images/thumb/0/05/%E5%8D%8A%E8%BA%AB%E5%83%8F_%E8%AE%AF%E4%BD%BF_1.png/110px-%E5%8D%8A%E8%BA%AB%E5%83%8F_%E8%AE%AF%E4%BD%BF_1.png,758,170,137,0,70s,10→12,2,1.05s,JC04,26,クーリエ,谢拉格
['smwdata'],诗怀雅,近战位,Swire,女,输出 支援,菲林,4,近卫,公开招募 标准寻访,龙门,龙门近卫局,近卫干员诗怀雅，来自龙门，愿意为你提供专业的警力协助与额外训练课程。,"可以攻击到<span style=""color:#00B0FF;"">较远敌人</span>",标准,标准,标准,优良,标准,标准,龙门的骄傲，果然来自于商业、贸易与资本！,//prts.wiki/images/5/50/%E5%A4%B4%E5%83%8F_%E8%AF%97%E6%80%80%E9%9B%85.png,//prts.wiki/images/thumb/f/ff/%E5%8D%8A%E8%BA%AB%E5%83%8F_%E8%AF%97%E6%80%80%E9%9B%85_1.png/110px-%E5%8D%8A%E8%BA%AB%E5%83%8F_%E8%AF%97%E6%80%80%E9%9B%85_1.png,703,261,193,0,70s,14→16,2,1.05s,LM08,93,スワイヤー,龙门
['smwdata'],调香师,远程位,Perfumer,女,治疗,沃尔珀,3,医疗,公开招募 标准寻访,罗德岛,无团队,“疗养庭院”管理人调香师，播撒熏香为大家带来芬芳与治愈。,同时恢复三个友方单位的生命,普通,标准,普通,标准,标准,优良,花粉过敏者除外。,//prts.wiki/images/6/6a/%E5%A4%B4%E5%83%8F_%E8%B0%83%E9%A6%99%E5%B8%88.png,//prts.wiki/images/thumb/d/d8/%E5%8D%8A%E8%BA%AB%E5%83%8F_%E8%B0%83%E9%A6%99%E5%B8%88_1.png/110px-%E5%8D%8A%E8%BA%AB%E5%83%8F_%E8%B0%83%E9%A6%99%E5%B8%88_1.png,710,117,69,0,70s,14→16,1,2.85s,MN03,38,パフューマー,米诺斯
['smwdata'],贾维,近战位,Chiave,男,费用回复 输出,沃尔珀,4,先锋,标准寻访,罗德岛,无团队,罗德岛先锋干员贾维，将在前线大展身手。,能够阻挡两个敌人,标准,标准,标准,普通,优良,标准,比起要他服从命令，配合他发布命令可能反而省心一点。,//prts.wiki/images/2/2a/%E5%A4%B4%E5%83%8F_%E8%B4%BE%E7%BB%B4.png,//prts.wiki/images/thumb/2/2e/%E5%8D%8A%E8%BA%AB%E5%83%8F_%E8%B4%BE%E7%BB%B4_1.png/110px-%E5%8D%8A%E8%BA%AB%E5%83%8F_%E8%B4%BE%E7%BB%B4_1.png,679,212,138,0,70s,11→13,2,1.05s,SR26,150,,叙拉古
['smwdata'],赫拉格,近战位,Hellagur,男,输出 生存,黎博利,5,近卫,标准寻访,罗德岛,无团队,富有远见的阿撒兹勒近卫赫拉格，将与你合力实现战略目标。,"不成为其他角色的治疗目标，每次攻击到敌人后回复自身<span style=""color:#00B0FF;"">70</span>生命",优良,优良,标准,优良,卓越,标准,纵使挥动武器只是下举，其中磨炼亦从无一刻之懈怠。,//prts.wiki/images/c/cd/%E5%A4%B4%E5%83%8F_%E8%B5%AB%E6%8B%89%E6%A0%BC.png,//prts.wiki/images/thumb/8/82/%E5%8D%8A%E8%BA%AB%E5%83%8F_%E8%B5%AB%E6%8B%89%E6%A0%BC_1.png/110px-%E5%8D%8A%E8%BA%AB%E5%83%8F_%E8%B5%AB%E6%8B%89%E6%A0%BC_1.png,1568,340,160,0,70s,22→24→26,1,1.2s,AZ01,101,ヘラグ,乌萨斯
['smwdata'],赫默,远程位,Silence,女,治疗,黎博利,4,医疗,公开招募 标准寻访,莱茵生命,莱茵生命,莱茵生命医疗专家赫默，会为战场带去最新的研究成果。,恢复友方单位生命,普通,普通,普通,标准,标准,优良,实验会有风险，实验成果却没有，因为那是“副产品”。,//prts.wiki/images/3/39/%E5%A4%B4%E5%83%8F_%E8%B5%AB%E9%BB%98.png,//prts.wiki/images/thumb/a/a5/%E5%8D%8A%E8%BA%AB%E5%83%8F_%E8%B5%AB%E9%BB%98_1.png/110px-%E5%8D%8A%E8%BA%AB%E5%83%8F_%E8%B5%AB%E9%BB%98_1.png,845,166,62,0,70s,17→19,1,2.85s,RL01,58,サイレンス,哥伦比亚
['smwdata'],远山,远程位,Gitano,女,群攻,埃拉菲亚,3,术师,公开招募 标准寻访,罗德岛,无团队,罗德岛术师干员远山，将用源石技艺为小队谋划未来。,"攻击造成<span style=""color:#00B0FF;"">群体法术伤害</span>",普通,普通,普通,标准,标准,优良,今天的运势是——,//prts.wiki/images/6/63/%E5%A4%B4%E5%83%8F_%E8%BF%9C%E5%B1%B1.png,//prts.wiki/images/thumb/3/31/%E5%8D%8A%E8%BA%AB%E5%83%8F_%E8%BF%9C%E5%B1%B1_1.png/110px-%E5%8D%8A%E8%BA%AB%E5%83%8F_%E8%BF%9C%E5%B1%B1_1.png,622,303,47,10,70s,29→32,1,2.9s,SI01,22,ギターノ,萨米
['smwdata'],送葬人,远程位,Executor,男,群攻,萨科塔,4,狙击,标准寻访,拉特兰,无团队,拉特兰公证所的专业执行者送葬人，将会履行合约上的所有合同。,"攻击范围内的<span style=""color:#00B0FF;"">所有敌人</span>，对自己前方一横排的敌人攻击力提升至150%",标准,标准,标准,优良,优良,标准,千万不要下错任务书，他真能完成些既荒谬又基本不可能的任务。,//prts.wiki/images/d/da/%E5%A4%B4%E5%83%8F_%E9%80%81%E8%91%AC%E4%BA%BA.png,//prts.wiki/images/thumb/9/9d/%E5%8D%8A%E8%BA%AB%E5%83%8F_%E9%80%81%E8%91%AC%E4%BA%BA_1.png/110px-%E5%8D%8A%E8%BA%AB%E5%83%8F_%E9%80%81%E8%91%AC%E4%BA%BA_1.png,1035,327,100,0,70s,28→31,1,2.3s,LT01,105,イグゼキュター,拉特兰
['smwdata'],铃兰,远程位,Suzuran,女,减速 支援 输出,沃尔珀,5,辅助,标准寻访,罗德岛,无团队,罗德岛干员铃兰，九倍的温柔与坚强。,"攻击造成<span style=""color:#00B0FF;"">法术伤害</span>，并对敌人造成短暂的<span style=""color:#00B0FF;"">停顿</span>",普通,标准,普通,标准,标准,优良,东国的神秘技艺，叙拉古的自由与向往。,//prts.wiki/images/5/55/%E5%A4%B4%E5%83%8F_%E9%93%83%E5%85%B0.png,//prts.wiki/images/thumb/f/fe/%E5%8D%8A%E8%BA%AB%E5%83%8F_%E9%93%83%E5%85%B0_1.png/110px-%E5%8D%8A%E8%BA%AB%E5%83%8F_%E9%93%83%E5%85%B0_1.png,673,220,57,15,70s,14→16,1,1.9s,R172,147,,东国
['smwdata'],银灰,近战位,SilverAsh,男,输出 支援,菲林,5,近卫,公开招募 标准寻访,谢拉格,喀兰贸易,喀兰贸易公司董事长，已与罗德岛签订合约，随时可以介入战场。,"可以进行<span style=""color:#00B0FF;"">远程攻击</span>，但此时攻击力降低至80%",标准,标准,标准,卓越,优良,标准,别再挣扎了，他提出的条件里真没有陷阱，就算有，你也看不出来。,//prts.wiki/images/2/27/%E5%A4%B4%E5%83%8F_%E9%93%B6%E7%81%B0.png,//prts.wiki/images/thumb/9/90/%E5%8D%8A%E8%BA%AB%E5%83%8F_%E9%93%B6%E7%81%B0_1.png/110px-%E5%8D%8A%E8%BA%AB%E5%83%8F_%E9%93%B6%E7%81%B0_1.png,1075,297,189,5,70s,18→20,2,1.3s,JC01,82,シルバーアッシュ,谢拉格
['smwdata'],铸铁,近战位,Sideroca,女,生存 输出,丰蹄,4,近卫,活动获得,罗德岛,无团队,科林尼亚佣兵铸铁，正在寻求可靠的雇主。,"攻击造成<span style=""color:#00B0FF;"">法术伤害</span>",优良,标准,优良,标准,优良,普通,比起忠诚和荣耀，她更渴望信赖。,//prts.wiki/images/8/84/%E5%A4%B4%E5%83%8F_%E9%93%B8%E9%93%81.png,//prts.wiki/images/thumb/9/93/%E5%8D%8A%E8%BA%AB%E5%83%8F_%E9%93%B8%E9%93%81_1.png/110px-%E5%8D%8A%E8%BA%AB%E5%83%8F_%E9%93%B8%E9%93%81_1.png,1297,266,166,10,80s,21→23,1,1.25s,R126,131,,米诺斯
['smwdata'],锡兰,远程位,Ceylon,女,治疗,黎博利,4,医疗,活动获得,汐斯塔,无团队,罗德岛研究员锡兰，在研究的空余时间，将会为你提供有关源石的知识和技术支持。,"拥有较大治疗范围，但在治疗较远目标时治疗量变为<span style=""color:#00B0FF;"">70%</span>",普通,普通,普通,标准,标准,优良,她有可能忘记自己在战场。,//prts.wiki/images/3/39/%E5%A4%B4%E5%83%8F_%E9%94%A1%E5%85%B0.png,//prts.wiki/images/thumb/a/a9/%E5%8D%8A%E8%BA%AB%E5%83%8F_%E9%94%A1%E5%85%B0_1.png/110px-%E5%8D%8A%E8%BA%AB%E5%83%8F_%E9%94%A1%E5%85%B0_1.png,798,154,55,5,80s,20→22,1,2.85s,SS01,96,セイロン,汐斯塔（独立城邦）
['smwdata'],闪灵,远程位,Shining,女,治疗 支援,萨卡兹,5,医疗,公开招募 标准寻访,罗德岛,使徒,萨卡兹医师闪灵，竭尽所能为小队提供医疗支援。,恢复友方单位生命,标准,普通,标准,标准,优良,卓越,简简单单，但无论如何都看不穿。,//prts.wiki/images/5/54/%E5%A4%B4%E5%83%8F_%E9%97%AA%E7%81%B5.png,//prts.wiki/images/thumb/d/d6/%E5%8D%8A%E8%BA%AB%E5%83%8F_%E9%97%AA%E7%81%B5_1.png/110px-%E5%8D%8A%E8%BA%AB%E5%83%8F_%E9%97%AA%E7%81%B5_1.png,854,180,60,0,70s,18→20,1,2.85s,FO01,78,シャイニング,卡兹戴尔
['smwdata'],阿,远程位,Aak,男,支援 输出,菲林,5,特种,标准寻访,龙门,无团队,罗德岛特种干员阿，将在后方支援其他干员。,"自身生命会不断减少<br/><span style=""color:#00B0FF;"">(每秒扣除3%生命值)</span>",普通,标准,普通,标准,标准,标准,你有权不在他的支援范围内行动。,//prts.wiki/images/3/31/%E5%A4%B4%E5%83%8F_%E9%98%BF.png,//prts.wiki/images/thumb/7/72/%E5%8D%8A%E8%BA%AB%E5%83%8F_%E9%98%BF_1.png/110px-%E5%8D%8A%E8%BA%AB%E5%83%8F_%E9%98%BF_1.png,865,247,58,10,70s,11→13,1,1.3s,LM20,120,ア,龙门
['smwdata'],阿消,近战位,Shaw,女,位移,札拉克,3,特种,公开招募 标准寻访,龙门,无团队,龙门消防署警员阿消向你报道，她将会为你提供各类援助。,"同时攻击阻挡的<span style=""color:#00B0FF;"">所有敌人</span><br/>可以放置于远程位",普通,优良,普通,标准,标准,普通,不只是消防。,//prts.wiki/images/2/2f/%E5%A4%B4%E5%83%8F_%E9%98%BF%E6%B6%88.png,//prts.wiki/images/thumb/2/20/%E5%8D%8A%E8%BA%AB%E5%83%8F_%E9%98%BF%E6%B6%88_1.png/110px-%E5%8D%8A%E8%BA%AB%E5%83%8F_%E9%98%BF%E6%B6%88_1.png,824,252,151,0,70s,17→19,2,1.2s,LM11,44,ショウ,龙门
['smwdata'],阿米娅,远程位,Amiya,女,输出,卡特斯/奇美拉,4,术师,主线剧情,罗德岛,无团队,罗德岛公开领导人阿米娅，将与你并肩作战。,"攻击造成<span style=""color:#00B0FF;"">法术伤害</span>",普通,标准,普通,优良,标准,■■,加油，博士。,//prts.wiki/images/3/36/%E5%A4%B4%E5%83%8F_%E9%98%BF%E7%B1%B3%E5%A8%85.png,//prts.wiki/images/thumb/a/a0/%E5%8D%8A%E8%BA%AB%E5%83%8F_%E9%98%BF%E7%B1%B3%E5%A8%85_1.png/110px-%E5%8D%8A%E8%BA%AB%E5%83%8F_%E9%98%BF%E7%B1%B3%E5%A8%85_1.png,699,276,48,10,70s,18→20,1,1.6s,R001,55,アーミヤ,雷姆必拓
['smwdata'],陈,近战位,Ch'en,女,爆发 输出,龙,5,近卫,公开招募 标准寻访,龙门,龙门近卫局,龙门近卫局特别督察组组长陈，正依合约前来协助罗德岛的任务。,"普通攻击连续造成<span style=""color:#00B0FF;"">两次</span>伤害",优良,标准,优良,优良,卓越,标准,生气的时候很可怕，平常也最好别惹她。,//prts.wiki/images/c/cf/%E5%A4%B4%E5%83%8F_%E9%99%88.png,//prts.wiki/images/thumb/e/e1/%E5%8D%8A%E8%BA%AB%E5%83%8F_%E9%99%88_1.png/110px-%E5%8D%8A%E8%BA%AB%E5%83%8F_%E9%99%88_1.png,1229,249,154,0,70s,19→21→23,2,1.3s,LM04,94,チェン,龙门
['smwdata'],陨星,远程位,Meteorite,女,群攻 削弱,萨卡兹,4,狙击,公开招募 标准寻访,罗德岛,无团队,罗德岛狙击干员陨星，随时准备以炮火覆盖敌人。,"攻击造成<span style=""color:#00B0FF;"">群体物理伤害</span>",优良,标准,标准,标准,优良,标准,只要武器在手，职责就不能落下。,//prts.wiki/images/e/ea/%E5%A4%B4%E5%83%8F_%E9%99%A8%E6%98%9F.png,//prts.wiki/images/thumb/a/af/%E5%8D%8A%E8%BA%AB%E5%83%8F_%E9%99%A8%E6%98%9F_1.png/110px-%E5%8D%8A%E8%BA%AB%E5%83%8F_%E9%99%A8%E6%98%9F_1.png,770,377,59,0,70s,24→26→28,1,2.8s,ST03,54,メテオリーテ,卡兹戴尔
['smwdata'],雪雉,近战位,Snowsant,女,位移 减速,黎博利,4,特种,活动获得,龙门,无团队,罗德岛特种干员雪雉，使用独特的工业爪钩带来不一样的战术体验。,"技能可以使敌人产生<span style=""color:#00B0FF;"">位移</span><br/>可以放置于远程位",普通,标准,标准,标准,普通,标准,曾获龙门机械设计专业头奖。,//prts.wiki/images/2/24/%E5%A4%B4%E5%83%8F_%E9%9B%AA%E9%9B%89.png,//prts.wiki/images/thumb/f/fd/%E5%8D%8A%E8%BA%AB%E5%83%8F_%E9%9B%AA%E9%9B%89_1.png/110px-%E5%8D%8A%E8%BA%AB%E5%83%8F_%E9%9B%AA%E9%9B%89_1.png,794,320,155,0,80s,13→15,2,1.8s,LM16,118,スノーズント,龙门
['smwdata'],雷蛇,近战位,Liskarm,女,防护 输出,瓦伊凡,4,重装,公开招募 标准寻访,黑钢,黑钢,黑钢防化人员雷蛇，虽是重装干员，却既持有坚强的盾，又握着锐利的矛。,能够阻挡三个敌人,标准,普通,优良,标准,优良,优良,长枪般的雷电将贯穿面前的一切敌人。,//prts.wiki/images/f/f5/%E5%A4%B4%E5%83%8F_%E9%9B%B7%E8%9B%87.png,//prts.wiki/images/thumb/b/b5/%E5%8D%8A%E8%BA%AB%E5%83%8F_%E9%9B%B7%E8%9B%87_1.png/110px-%E5%8D%8A%E8%BA%AB%E5%83%8F_%E9%9B%B7%E8%9B%87_1.png,1307,219,256,0,70s,18→20→22,3,1.2s,BS02,62,リスカム,瓦伊凡
['smwdata'],霜叶,近战位,Frostleaf,女,减速 输出,沃尔珀,3,近卫,公开招募 标准寻访,罗德岛,无团队,罗德岛近卫干员霜叶，只要是你的命令，她都会遵从。,"可以进行<span style=""color:#00B0FF;"">远程攻击</span>，但此时攻击力降低至80%",普通,标准,普通,标准,优良,标准,试着成为引领她的道标吧。,//prts.wiki/images/2/29/%E5%A4%B4%E5%83%8F_%E9%9C%9C%E5%8F%B6.png,//prts.wiki/images/thumb/1/11/%E5%8D%8A%E8%BA%AB%E5%83%8F_%E9%9C%9C%E5%8F%B6_1.png/110px-%E5%8D%8A%E8%BA%AB%E5%83%8F_%E9%9C%9C%E5%8F%B6_1.png,949,272,154,5,70s,16→18,2,1.3s,R123,31,フロストリーフ,哥伦比亚
['smwdata'],风笛,近战位,Bagpipe,女,费用回复 输出,瓦伊凡,5,先锋,标准寻访,维多利亚,无团队,维多利亚前军人风笛，追寻着真相而来。,击杀敌人后获得1点部署费用，撤退时返还初始部署费用,优良,标准,优良,标准,优良,标准,战斗和农务上一丝不苟，电子和潮流则一窍不通。,//prts.wiki/images/d/de/%E5%A4%B4%E5%83%8F_%E9%A3%8E%E7%AC%9B.png,//prts.wiki/images/thumb/e/ea/%E5%8D%8A%E8%BA%AB%E5%83%8F_%E9%A3%8E%E7%AC%9B_1.png/110px-%E5%8D%8A%E8%BA%AB%E5%83%8F_%E9%A3%8E%E7%AC%9B_1.png,975,250,173,0,70s,11→13,1,1.0s,RV02,128,,维多利亚
['smwdata'],食铁兽,近战位,FEater,女,位移 减速,乌萨斯,4,特种,公开招募 标准寻访,罗德岛,无团队,罗德岛特种干员食铁兽，将用自身高超的武艺，解决争端。,"同时攻击阻挡的<span style=""color:#00B0FF;"">所有敌人</span><br/>可以放置于远程位",优良,标准,标准,普通,优良,标准,坚决不用替身。,//prts.wiki/images/d/dd/%E5%A4%B4%E5%83%8F_%E9%A3%9F%E9%93%81%E5%85%BD.png,//prts.wiki/images/thumb/2/27/%E5%8D%8A%E8%BA%AB%E5%83%8F_%E9%A3%9F%E9%93%81%E5%85%BD_1.png/110px-%E5%8D%8A%E8%BA%AB%E5%83%8F_%E9%A3%9F%E9%93%81%E5%85%BD_1.png,852,279,158,0,70s,18→20,2,1.2s,YD01,72,エフイーター,炎
['smwdata'],香草,近战位,Vanilla,女,费用回复,瓦伊凡,2,先锋,公开招募 标准寻访,罗德岛,黑钢,黑钢先锋干员香草，将用其专业技术为团队打开战场。,能够阻挡两个敌人,标准,标准,优良,普通,标准,普通,遇见野生生物的时候请不要让她处理。,//prts.wiki/images/c/c8/%E5%A4%B4%E5%83%8F_%E9%A6%99%E8%8D%89.png,//prts.wiki/images/thumb/3/3a/%E5%8D%8A%E8%BA%AB%E5%83%8F_%E9%A6%99%E8%8D%89_1.png/110px-%E5%8D%8A%E8%BA%AB%E5%83%8F_%E9%A6%99%E8%8D%89_1.png,711,168,128,0,70s,9→11,2,1.05s,BS04,9,バニラ,瓦伊凡
['smwdata'],麦哲伦,远程位,Magallan,女,支援 减速 输出,黎博利,5,辅助,标准寻访,莱茵生命,莱茵生命,莱茵生命外勤专员麦哲伦，随时准备迎接新的探险。,"攻击造成<span style=""color:#00B0FF;"">法术伤害</span><br/>可以使用<span style=""color:#00B0FF;"">召唤物</span>协助作战",标准,标准,优良,优良,普通,标准,她摁下按钮后会发生很多事情，但其中绝对不包括爆炸。,//prts.wiki/images/4/4d/%E5%A4%B4%E5%83%8F_%E9%BA%A6%E5%93%B2%E4%BC%A6.png,//prts.wiki/images/thumb/c/c7/%E5%8D%8A%E8%BA%AB%E5%83%8F_%E9%BA%A6%E5%93%B2%E4%BC%A6_1.png/110px-%E5%8D%8A%E8%BA%AB%E5%83%8F_%E9%BA%A6%E5%93%B2%E4%BC%A6_1.png,495,211,60,15,70s,10→12,1,1.6s,RL06,106,マゼラン,哥伦比亚
['smwdata'],黑,远程位,Schwarz,女,输出,菲林,5,狙击,标准寻访,汐斯塔,无团队,罗德岛干员黑，将在阴影中守护你。,高精度的近距离射击,标准,优良,标准,优良,优良,标准,最好别让胆子小的干员和她一起出任务。,//prts.wiki/images/d/d4/%E5%A4%B4%E5%83%8F_%E9%BB%91.png,//prts.wiki/images/thumb/2/23/%E5%8D%8A%E8%BA%AB%E5%83%8F_%E9%BB%91_1.png/110px-%E5%8D%8A%E8%BA%AB%E5%83%8F_%E9%BB%91_1.png,781,357,86,0,70s,16→18→20,1,1.6s,SS02,98,シュヴァルツ,雷姆必拓
['smwdata'],黑角,近战位,Noir Corne,男,新手,鬼,1,重装,公开招募,罗德岛,行动组A4,罗德岛重装干员黑角，将为队友提供坚实的防御力量。,能够阻挡三个敌人,标准,普通,优良,普通,普通,标准,每天都能看见他仔细擦拭面具的身影。,//prts.wiki/images/f/f1/%E5%A4%B4%E5%83%8F_%E9%BB%91%E8%A7%92.png,//prts.wiki/images/thumb/6/6c/%E5%8D%8A%E8%BA%AB%E5%83%8F_%E9%BB%91%E8%A7%92_1.png/110px-%E5%8D%8A%E8%BA%AB%E5%83%8F_%E9%BB%91%E8%A7%92_1.png,1219,180,220,0,70s,14,3,1.2s,A43,4,ノイルホーン,东
